57305757631;FLSFTBGPEI;HGTWMGZBIH;
74937213582;HEPMNLWZYF;LMMTICNBXK;
188181298;LUUAEDZBSC;SFLCATJBPM;
5679678094;FXROIJKNUZ;DPOOLRMZDE;
9324960708;NDDAEAAZUE;YFMBADFRIF;
49541257441;OUYRIIDALJ;RLTKWYTXXN;
66208975450;GAAXMBCWSU;AGXYKZIXLZ;
4652164417;FMMYLGPHSX;DIPATKRMII;
61732519817;CUGSISWXSH;UCZHCOIRNU;
28875991342;EXYOPHFZXG;FOIPPFAWHE;
51488193771;DCLUWUBBED;MRTPWGUNIY;
33230503077;FXHAZCLZMP;AWIXJDMRHH;
64264361577;TYMKZCNXLA;IATAHGUBUF;
34348990281;OIAMCLANGZ;ZDGGBSBLFP;
5315460292;AOAJSKSZPH;HBSIZSFMLE;
9539582094;LBBZWHHOAJ;EJINMIEXRU;
28933053589;GPIYOCNCHL;EXRMTEHMOA;
93187261036;SSTHNJDHCH;RMOEUNLYDO;
26438375360;MWMTFILJZK;ABGOIDRPEB;
38127931533;KEKGPSBZBD;XNEZIZDSNH;
15764790148;XSBPOHOABP;PGPHPEWXHB;
21543785533;ORNXYWBPFO;AFZSGXRHFT;
48180574182;ABYIJAPHFD;OGADBTWSMR;
75613289171;HNNXEATMOW;MDFXWNALYE;
9215952245;LDABOIZCCW;UIKTAKCJMZ;
46940966342;HJRPHISORF;FXDYHTJSUF;
58090411603;YFGSHAGGTO;XNEAYRSFKU;
16952042051;CTYDWDDDCA;LOROBELWBR;
13322471994;HIZJGDFYOF;CYAMCKBHFJ;
66720569593;AIYMCCRJZZ;AKJMKEEECD;
31992267467;GMUGHHSICZ;OPLYNAOWTA;
81450698474;AUCYAWZPCL;SJBONHZDPP;
83446083045;CKOGMTXHHE;BGLBHCBWSE;
12655370851;GTMUIUYTLD;XFZRAXGOWD;
61175570022;LJLERZZPXL;ZXHFSRPUSS;
49466655819;HGDDHTJCTD;OXTUWITHMP;
2729824897;RWZKFMFCOD;MELMDBCKJO;
34845547716;ZZZRLRKAYB;EBOWYTUCPC;
44117730732;XIEUGANSRH;ILSRKYZPAD;
20160311707;PMFZXBCJHS;PZJGLIXLDX;
53377367487;YXOFCSCYKA;BLSXRLRKZD;
87374845917;XLTTUAYFAC;FBHIJCRFLF;
64386878962;ZUXOKJUEKW;GESBMOOHPE;
63134118694;ZAXNTAPJMC;NHEPIWRRME;
75287340840;ULPLJECRBS;XCUAJMUUYE;
47932721483;REZPKEMZCT;GHMHODHKXJ;
91078194431;UAWXAAEMRC;USFFYLHNET;
52414895200;PTFZMPDZGD;DRZNUHNHCZ;
99343466763;REDEZFWKDF;HTJEERCSEN;
40099243610;PJYEFPBKGI;FNICYWKYSJ;
29580596072;TXFDSFSGEM;AEZCDBHNTL;
93475869638;HDZZGCEBGR;NJDCCFWELU;
99714746156;GKYNNTNFDC;AYUTXGISSG;
42243204514;NYHSHWOADU;ISOUUNDLST;
26625528663;HBSZUYMGJK;MZJWRUIFWY;
84145751864;KXYXHJGNAJ;YXLCEZNMOB;
21087074485;LUUDAAPPNB;WTNTGTGHDY;
4690532295;PHZJRGNJOW;WOHUDXJPMW;
18322285637;JNXNJHFBFI;NBBIIEOCOS;
70135886886;UDBHCIEPWT;ABRLKYTSBG;
49900174872;TICKWHMGSL;IOSMAZXWTF;
85066710550;XZWKZMTIYO;KERPFSTRJD;
37311578018;NEOZHNKTWZ;ZEHCDCWWDR;
70571003408;TNDOWOCUZM;JACFELIYME;
66828713756;ZACXRPYEDW;UNHRZAJOMS;
24175444131;IFFRPUBUPG;WGDRDUFMJT;
45882322597;JHNHDFLWTX;SFNSRGBUFF;
95785696566;ROWCJAICSS;LOTBIBGJKH;
63002331984;IUDGDDBKJG;YJOZAPSBZS;
55989201244;PXIERZXSDG;KFIDDBIUYP;
66462447903;UUIPGUUATO;GLUMXZWMLP;
9293322629;EZWPKLSEBO;JIIMEJXTTA;
9060424805;ACKSYWCZWG;KKNLTXAUJX;
54974033109;DXYPJHUJXH;NNYBWZISCI;
17432948604;NBYWNBRCOL;XKNIDCYLNT;
69701602037;OWHKMUIBMR;PLNEAAKIJX;
88183785550;ROPOZIUGWW;UIYJYYBMBI;
35502965855;YXEOCBHZDD;YRWMUSKYFJ;
43918453191;KCCPSCKGPD;JRMDHZTJIP;
21653179090;IYTGDSKNIJ;XZBNSFTTRI;
84096603369;NCMYFAGFJB;JUFHFOARTY;
58842501944;BJFHGHLPLM;UDEJGXDTNC;
86131453375;BJNOZPFXOO;FGEGUHJIFJ;
90501780167;NMYDXDFCBZ;ARFCLUUWXD;
87098443758;THMSPPBNKI;OMEUXWOAMT;
87080412915;XFJUDYPEOP;IBXJFGTOAB;
39082887435;HWAIIXJDZN;GGDNRUBRXP;
93428031522;PJPGHRBUKR;MWHIYKYADA;
56590695831;CCDDRMEZCG;XUPNTEHCPX;
20644584972;PRLDPJLGWB;TWMHZPAFTC;
75780600956;KZZEMGRAEA;JLJSSWLOZN;
77662639506;GKUOUPDLAC;WLWFALMJSB;
95460952434;ZFOKAGIUCN;HJKDDGLXLY;
39349787113;LUKJSGXPLP;LASGZBRUGT;
40264929148;NXMWZAERWN;XDMPYZPPUX;
76699564839;FBXZAHKTEY;YWUZRFMIEN;
78808111575;FGBOPJBKZN;GNUDUWATCD;
58499673669;MJIKWJNHTL;WFSHPSXOZF;
42138767162;KJWSLCLIDB;NKJKAKFMPH;
11097257450;FGROAJKIZU;NGWAOTLCPY;
44617475008;TJDGOXHZIB;LJYAITBDUO;
61687229556;FCWJGORTDK;ZWKEEPTWWX;
9290975599;AWBPOIBSSR;LYWRZITMDD;
73805184917;YDDMMFXGBZ;NKCBIHCJOH;
68241695535;FPSPPFICGD;URTBZOJFYB;
85422392102;SXKIEJCSWD;JSYYHUSYNR;
13239616909;GPPXCKEZRA;PSZWXCHBUA;
39673400348;FMZUXEARNR;WCALWKUXSK;
5631291146;SYTZEDFSGF;IAHCJEUOFU;
10070165654;MYMKGAGXNR;LJGKACAJUR;
77940471073;RKCODCEDXI;AHMSOIUUTN;
62049403600;POHIEHMEHA;PAIFMLAMCL;
70206322750;BPLBUWIFWD;GIFTMXYTBK;
57768977399;GLNNWXCKSH;BLFMXEOPCA;
53969571948;ULUUMLPFXE;EOARILCHPP;
86166368068;DBADCUDCKJ;NRWYJINWOU;
59996506277;WZPMBPBWHL;LDLTBDRNSU;
82389610083;XRTFXEJZZB;SKYYKXHCRE;
32355461171;UDBTZYPUGT;NCHLFCXDEW;
68792603789;PEDHXWTJLR;WZWXXISFJG;
99690112302;NFUXDYORNN;PILAYSTNLB;
44075156436;KTAIFDYIZR;DOBNBDIOOZ;
31731450779;EETRFWTKRH;MBHFSZTJMX;
25006899785;PMGKITTBTZ;IIFUFCSGXC;
81171662570;OBIOTNJWNJ;IWPZAXNWFT;
42036967745;GZKPGEPGIX;ULTGSGXPYO;
49905745479;RSKDZMEPSK;SWNCUZKSKB;
26317500535;JXATZECIZC;AOFIOGYHFZ;
91347268725;CDHSKWFYAM;TFYOEIURWX;
9727079196;RWLIOTNZLZ;GDKZSOLGSS;
10419170783;UYUMKABLFL;YIAKYEPGPG;
431618402;PKOUYSJLXF;FPTHFDITLR;
83444374884;GEUGODCMII;JJAJPTBRBT;
98067678652;XIRANNZXGR;JMCXIRJKDH;
1547984036;KCLYDJDROY;TWBUIIYWTC;
5054959022;RNDXBZMSZA;XYEMUOSFPA;
1840860508;MOKYXTSRJT;HNJMIJXDEX;
66603794700;XELFFSEAAY;XGUJNTHCMU;
6490022451;GIPMIGCMYC;LRBTKPNOWS;
3921459547;XBCPOFWOCT;TCGZFRZZRR;
22921721567;OHGZOSPUWY;WGUECPZBYF;
87507185450;TUEIJTPAIG;ATUZLNDPXR;
31186559543;XBLJKRSEGN;HEDIZRRHAX;
81658979234;AEWKIGGDKS;JDFMAGTPDU;
97939230021;HZKWUSLYUG;DRKGKCESCH;
45542976111;BTACMTFPMF;MECECYNNGF;
50504286906;KKMXSUBWKP;CEXOEYRWRK;
48875155929;XOFTBCXHFG;PBXFAUEBTZ;
39958965577;TJONJFMRAW;ZGDEYWFEAC;
94952864586;BBPMLSRAWN;TJSRZESEOW;
34031910262;CLWGFORUDU;GNPRHJZDMJ;
91544523115;JGFXTUAJNO;DKWSIIDAHJ;
88922477856;RMFFTYGSTU;IMWMRKBTXJ;
44773363132;ZGPCKJSLZP;NTFEZIMLUK;
39050688154;IIHJEXNRUA;LKULBGODJF;
85659639989;MNLTYCXIUF;OKEFGDCKPI;
59662648627;ZWZAGAJYYZ;YTLHJAYUMH;
33512565907;DKGDWWNWBT;MALMYGNPDU;
67734574172;NYDMBLFEFO;HXCTBTLLYY;
7445580496;PUACKXOARO;DERUSLBINN;
47747644655;CWKJUADBRD;HZAJUKUNBR;
24733176595;BUESCKEUEY;TAXMZYTFKO;
7247466203;HGJUPUBEIK;JTHXTPXTPA;
86692679289;JLPIKMAKNW;RYLJFKHFCM;
30173894560;EXYRUKEILK;GIARIOSDHD;
83311072399;PTTYNTDXFJ;ZHSDDTLIYJ;
90487185479;LGAJNXXEIK;YOXOGRPAMZ;
55278366707;XEHLXAWEWJ;YPXBNHOLGF;
60143550963;LDNJFNEWMB;TYSLKMBAGH;
31429390457;STDOEZISTC;WZSTZPKHFF;
3615954606;LNZRTLJCGZ;RFJMGLBKBW;
36085651453;PWJLDADZGH;OBGUJTXXFS;
58613531778;DDBTTYWPCJ;WIEMDOGPLG;
49044220516;UNCTWFKGIU;PCXJUXTZJC;
12626362789;IIUEESJSHR;KRELCPRZWC;
21829092395;WWXPKMOAKD;BLJAINKLZK;
96638652723;WOKSDJTAXR;FZXDIPYBZO;
87695055398;EPGIPXKXNN;TBJLJDJBJK;
51338986815;IXCTHSZEWG;FCIIKLJEAY;
85832670545;WKXAUEDFBZ;WRUXOUADWC;
64857802905;JPBXDTGYSH;KKLNCCFSRI;
70691906757;GYCTXDCIEW;LSNIUBJRPP;
95319879890;IRDPPGPMWS;OCWUEWMAAE;
2092920313;OSHOSMHFPU;DACEMRZUYI;
40651888196;TDLASJSWWN;MZALERCEBI;
52238854378;WYNWHGZTEK;TKFFNNZFCA;
72025506895;OSMXJPXLXZ;EMKGMEJMAL;
40044794752;STKDDCXLTJ;LIHSSOWTRP;
9208858036;TWJWBGONUD;XHHBPOOPWN;
46980849950;XWYWODWPOE;EAXYZGXOME;
61427207171;DSXUFPGJFI;LCYHGOXXPP;
32878393061;SFZGENUMXK;DHJIKZITDC;
3805823887;IEPCBNHTTM;MGHADCOYDD;
57152413658;XIJLUSXUHO;LGELBWKESZ;
6227804776;XHYTMYODKJ;DBLASGEOXN;
98470128653;YRGDZMKCXU;FANDUMLDPO;
77916870009;JZIERNLYXX;ZDRTWKFAKM;
32696450437;JNNNDENILX;YCMCDZMUXO;
37775366910;OHUFFFTGDS;NCCFNGFBFD;
40361305299;RYYFIZRAAW;APKTMDARSO;
5844806914;DXCMRKBSAY;AHZINEAKAK;
82879027855;UCBDUYXBSR;GUSMJUKYEH;
31443854172;CJKIMRYEUC;JOSYDFCSJZ;
94408301140;NPFXRWBXSO;ZFDTBCFJGH;
4173572526;HPBTMTPMOA;NRGSOOEHDD;
8363766763;WGRFXXIRUC;NWPSILHXOZ;
98916136613;XPOIOLYUGP;JESGFFLSUH;
96829458970;NGHTLWENBO;XWGKSJCNNB;
18236931703;MDJONLHESC;IHRNLKZNSN;
22576369887;RWSGILSYXC;SOULMPRLLG;
48840592984;LHZBGLCFZP;ITHWSWPSKZ;
2552285525;AZAJOXHUIK;HMYNDLIZUB;
14740623338;MIKLRMDLJG;KGWGSZNIEM;
14895560364;CPTNKIRSID;BNFOXAUWFF;
60248016512;XIPRXNZHJM;AXESGZUCFH;
77690214179;WNGGEEJBCL;PZSUAAKXNT;
20498375758;KMJBAASYWX;ZWJMOJKFPR;
53525792740;KGYRWIFIHA;DUWGAIBNMF;
1855647504;KCNIGUIZIC;KIYBIOPFEO;
14468202455;MPTACJGKNC;FLNZTWZMHT;
24670396403;RDFSFIRGXO;ONSENIHOBL;
12834851976;XSGNKGWANJ;ETDMTBSGSJ;
87012946938;WHJAENDNER;FZFIROIBJU;
64282088963;LAJUXWFXJH;YSSREBLXXY;
71368670328;TDWJSRYJEF;IBDOKXGKNS;
8490171292;ZMOHCDEEMD;GCCXZBIYGP;
51907658863;THSLCLJHKM;POLXLIHAOR;
25443216670;ONUMNYWOKA;KBAPPNLYJC;
46298539526;AKZEBMMLMT;WJLGGKXLCO;
63430124845;NIEHXCBPNU;ETUPGKCDLN;
1342448030;GUMKMXUCLE;BLKNZGNHEN;
56601914410;PPHBXUERTK;EGAUUZAJNM;
25725205746;LIEAZZWTMF;XIUJIPTYBI;
98423176143;LTUHTUFRBS;JCPSWKDULA;
26614846461;SIKIOXADRB;TYHTDJSXHB;
82791065359;GNPYWLAZCX;BWKUJTKNEW;
99273882768;LDOMODJZGC;SINCGUWFHZ;
13640293551;ETAIUKHNOE;OWNDFDIDZM;
32390925068;ECTLXKHLLO;LUDIODLJAL;
91731261985;IYMPYDZGNP;TEXTCWIAZJ;
71348612375;UALYHMWAXT;PUIFDMWMYO;
95380710541;JOFADEOZYS;LYJHFLFEGC;
30907102089;DACAGCIZWD;YXYSCWZWIU;
6362471047;UCCKHDBDIN;IDMESWYDZZ;
83831649559;CENBGFHEGS;YRADCFGLHU;
90052929100;LYALSRCKSB;EAMEWMDBCT;
87991876967;PZXZMASHZJ;OZACIAMJWH;
35314190628;FKERCWEMHU;FCYOBXUCLB;
76834673268;KPMYSFTJZP;DXEDOWWKWN;
25119176942;WPXIKYIKTG;UGUEILZCLZ;
66404767710;RKKIKYDZLM;PJHUKICRWT;
2986374106;XGHJBITJGS;WWWHUOYAIK;
79471018271;HEIDXJAAXB;EOZEYOUAWZ;
49010550928;DIFRMLMLFI;FSBACKXJCE;
70431365113;SWFKKSFJAX;EXJBKRMIUE;
29298230189;TOSINGXSAF;FCTMLAJBGB;
66419521283;WUNYUPOJLJ;LTSYKINSFO;
49622465623;XNKYDNOEKX;DDXPLAABSG;
14034425184;UUWLTEZSEW;WSFFMORSOR;
37871243436;WAFNRZADAA;FBGITDNODP;
79172566772;XEEAGPHTMJ;MZEKEOIHPR;
12728813403;KJRTOIUPJB;HFFZGZABBR;
27017468853;TGBYBLBKEN;MYDBOIKHGX;
81626239152;SMXDKCSBZT;YOHNCKHMFY;
11124823783;NXIGHARJKG;AKRXKXGJAF;
60742354299;OGJXJTTHZL;YPELEGBZUE;
58759122863;MODWXCCGZN;AGMFESEXIO;
12384101328;PMTRHOMFGF;XDFGOPERAW;
97381268866;IYNXZCGYHL;KYGMFWEJJK;
79389067806;KGEIYDDPUA;LRWSDJMCJB;
35820259071;UYSGTFZEXH;APPRXCHMJW;
32713542682;RJXFUEFKGO;YKGGIFWXSY;
34975171931;UBYRDZOZJZ;ISXFPSDUEG;
43897666187;UKBSSZJSSU;CCMILIKDWY;
83384072195;YPHCYUKWYS;BUGJLZLIJR;
39313470796;JDATFNJYBD;XRTPHNDZDU;
64574307045;ZZGNXPMPPG;SJZBHNHERP;
10493412209;JTOGEPNICF;NEJCKFOBBP;
6099106190;HHDNMXWAHD;XYWAGASGIY;
85943378049;ETASFMDGUA;PCSEDLUFWG;
43994684489;XOCINSPNIZ;OKBCCBOFJD;
5896781170;FYOPDHUAPR;LURDIPYYOT;
86487863562;ACYWBHIWMM;GSYCSNSGIP;
33755224572;WLMEBBTPOA;MYPDKULKIU;
15234313734;PAIRJBEUIG;UOOHOBMNZF;
4148634955;GEOZESFNEY;ARZMUHXGBX;
48580726182;OJJPAHMFLG;SCBTWISBAU;
53143428485;OTDGRXGWSL;LSCOIPWLJR;
6547239982;XRUBPZGUFS;UBHFHSWIXO;
20187054376;LEINKGBYWF;ZFYTYYPYHD;
97177555518;SFWMTWEBOB;XTTFGKKHJM;
6190826258;IIEENDBBBU;HLRMHPYZZK;
36785824388;WRGOZORARB;MTXRDFDJKH;
92104377297;WMWNPGTZCW;UEOOEDCNNK;
21663701339;HZMLPYXPZN;HZKKETLTZM;
95095440919;ALALNEAMYN;IRGREYWDXE;
83855438877;BMHCOGERJR;GRZJGKRFCJ;
17821746275;DAOTWBFASR;UJASZTZIAE;
33761586806;KHKLMPGMSW;WAFXKFLNWY;
78656455282;KWTEPGFKYA;KGNZHXBYIS;
97931108122;XHEDZWRIAB;ECRHXUODIW;
15098999254;ZXSOTSGCXJ;WZSMYAMJCM;
24341444847;BNSSWYJWGG;LDBKIYJLPW;
66870449139;OFYBSBEOMW;PLUSFRJPXX;
34376741693;GJFYMWJTFJ;WUJRGFHFDG;
2997784729;FNGZZAXEAF;AMXTFDABYI;
29729390140;BRHMZAWRDJ;NTWBGIBKEE;
83858519156;NGGBXRGTZJ;MKRTZAXHYE;
40718694705;ZMRYJSKEUN;SLZOSDHISE;
96125739937;OBNXPPFLXL;LILAJKZPCX;
3854878715;RRRCWRZPUB;PZDBHFKINL;
60172693726;AMUTOFANJX;TPAOTPMUWA;
69395307034;LEWRCJMLGY;HGHHWFPLDK;
77652190772;IEEIKKBSYU;KWGAJBLXXH;
67744712608;JYOUNMDLXF;XWISWWZNTP;
11343488593;IGLDKOATBK;RNJSOWTKTF;
54146410785;XNWICOZCWF;LHKEALGMPM;
17901435220;HIJMATPAAX;POLXWHANPH;
37671302975;NOTWDCCOMY;HIENYHSYCB;
26246094386;ZMXDCNATEH;BGOYKBKEMX;
45768009132;UIBDJOLRHW;FYTTDBWIBU;
82225002160;BLTZKFSAUK;EEPFFWLZWA;
34424275378;HNPYWOPBNJ;EYRYNEFHUC;
67099467036;KCZUFEIRTU;WEXGIXTKRF;
82775566270;UAWIIDFIBT;ONULURJCXZ;
62002417099;OMNZPTFNXY;CHFURSTJUE;
45280925851;LZEJZUUFHB;OMXSPRGBZY;
62577623950;SKNZETPFDU;UGEKULJTFW;
68775481642;AHIMYCUTTO;UABMPYRIWM;
36579542570;RLKAPFXDIK;YCMZCEKNYA;
37725358819;HFHLAMMRFL;DDJMBECKUX;
52282936880;RUJZBOBKXB;KNUPHOTOHW;
54370388674;KOZDKLHSHC;LLJGMEHRNF;
90477286078;FHCELTZZMM;KEJIGGXLWO;
36458618730;TNDKXALHTZ;GSHMDSNXXB;
50830600143;AGOKDKUBKS;YHLGFDZINB;
64609311090;DXTLUXFDEW;WPHTRHHORP;
26230430194;ZMYLNJDMLO;ESAEXXFHBD;
95104259633;DRCOZAGRUY;PCGBJKJSZA;
81602592119;UNSAAIUPEA;NIPKJOGZBB;
80726092085;NMJRZCRUPG;SIDZUCNTUM;
81858850232;SUDAGPCKFB;PCOEUWCTGM;
39534110438;LMLOPMOEHG;IDWMHBRMRD;
10388359610;CXTAMTYSFD;TZCSUNEIKK;
79280940826;NRNYRXUFBE;XFPMJKAJWM;
48255262393;TXAORJKJCO;ACMRTOAROP;
52163897271;TBHYMFYYYK;SFKPRIUNJX;
91239636170;FEAOGBZMLH;XDGUWFWFMU;
9181008296;RFSDNFLATN;YHYYDKIUKJ;
5459195894;AHPSFXFOTM;SRHCMPABPO;
11734346237;LMGMXDFTJT;MMORSFOHEG;
60862044465;TBOXHNGXCT;AJKKPTKAPN;
47000265714;ZBGFGEWGZH;MLOMOKFOPE;
16077257948;AGCLKBKXMP;NNUSXEHKWL;
51473002132;XGZZWDHCBT;UUCFXEIRNR;
39549773770;BFAJTNSJUY;YXUGZJJKSF;
14857615117;IMBBCEMPEA;ATUFLGGNJW;
42615197317;DHHHYFYJWM;CCSEYTZRDJ;
42834463670;KGEMWODSCT;UHSPBZBCUR;
53103194017;MZRXYSOSOY;BGNOXABOXL;
4399375512;SNXKHIULRH;HDLKUYMFSY;
65398302885;LFHMDKMECP;SXCNCTDDUA;
2533147740;POWTZJOYUY;KHAWGPYAPF;
55670359193;UOFGHPDOWY;ZAIMMFNEPO;
73250725024;LUCMCIMEWN;LMLFXJGAGG;
34294828674;UAACXZJCAC;TWMIGXUDBB;
50260427117;KGUDBHUFSD;LZOTJDYIZK;
13967655457;ONPSYPSXAP;AUBXLGZHWK;
85642490382;KKDYMKHMSL;YPNPHXKPZN;
24126213280;XBZDXIHXYR;YEHKZZAWJT;
75717559229;HDBHEPUMBC;BXZJRKBEFM;
82279946980;TYDHYARBCW;YTCDKGTPRG;
91153582976;KDNWCHJDRI;ZBEHBBPPRY;
10679119422;FKNSXZXTUA;IXCDBJLMLZ;
48209619763;AADAOPEFEH;BTYEAUJJNO;
16084200463;ZAKWBFTNIE;RZKXKUMAHB;
31304923985;THZFKUBJFF;YENZHGLYDB;
96796506963;EXZJYSHJCU;FIEUORMONM;
41679177359;WKBXINESLW;HWCMXUSFSR;
16643367618;LIKTJLUHAF;LJARFEIEGC;
65795826550;UACOJRLYFS;USUPKYXRRI;
13090676360;SDJGZIMKOI;LSBMBYYIUJ;
73703902147;GPAAXDGXUH;FLITJCJFNH;
77621133389;NFNNERCYKE;TGZWEXTRNT;
71780865188;NCFSHHNHXA;DPRUSKKOZZ;
68363159554;EFKHPKECBM;MLIBOXNJHW;
67413090531;EPDWTIMCMI;GXAALFBFXE;
96823802364;HIBOIAONLM;KUBKTAZNWJ;
62428580820;XUZFDZLFUF;MTZJKMYIGS;
28680933206;PUZJYSBETM;EGATIEIRPF;
6532142988;UBZWEWZBUJ;FUAKONKKFF;
31488951858;ASHMJOFLDA;ZUBDCSAPGO;
45824051598;BRXHSGKTUO;YBRBCCFWEE;
54461439219;WMPRMGWWUR;SFKZADEUNR;
28680503200;OMBHBNUGTT;COSNYZBOBL;
63392272556;UYKOUDNCOT;KEGSMOCGTK;
85752628623;MNHGRXFPEK;WDFPIBBBIG;
45591936937;GLGAEUTWIJ;DYFCMYTSEK;
42379607276;BPNIOMJFIK;CBLIPYFRRH;
42925718649;GPPZGZEWRG;NNWWFEJPLT;
14737005698;TCPKNCMLYY;GWLFTCLEFP;
51303129858;GUMRELFRYG;UJHCLFWIKO;
81405810391;RJPEBXULUP;WDGDAIPFIC;
80480358371;WFMYHNSJRH;KZXLSKPJFK;
32410175802;LFJGHMDLGI;MUNBKOENBG;
18243190166;GGUFEPMETK;XXCGOAMXWC;
57476170534;FAKOBTEJIM;POITBLYKBJ;
43722374391;NLFULKZSGK;LUKDYIGPRZ;
10308469909;LZOGBNRGHG;YHXAHUDMLK;
44700314281;DRRLZXAZLM;PGAYFUCXZP;
41342702275;ERJCJHCTNW;SMSCATLIML;
21665716632;SJSRCZCXSX;SHGDYLMNKE;
78428475808;GDDEJISOGG;SOFLZWYXEY;
16802462337;FXDPSJWXMT;KDELAOIDLB;
17518233387;ZUXEJGUPEF;GPHIFXEXPS;
36302143691;KITYXOLWKS;UIZXIWBGND;
80141188062;NEBSZFEYAF;HDGJJFTEYK;
78831294882;NDOFJZKFPX;IFCWMIIEXG;
30194029748;WKAFFAAZEP;HFPYMGUNTX;
11319275940;RZXFMLZSJS;YRSNZTENAA;
85617687597;GBNGMMZHRM;NRPRUBFYAI;
49280895581;AEDTBJBGOS;BZSJONDYZP;
85718058539;PSTWNAPMKF;CPIZBWOANE;
44776411105;UCBKZOCBFE;CEUNZIDWON;
85047127596;GDZMHYJKOT;KISFZPMLNU;
11809537257;ZKEKHCJKOX;ZYXNGBJKIX;
30107734404;LWTZXGNHLK;SXDPEOEZXY;
27978154152;NFYGTHAGWG;JMNUBNLCLK;
6019233236;UCWMTNEMLH;XBJHKEKAWI;
58668313598;PYXJUCJPOG;SSBTTCXJEP;
6455825368;GBYSUHFEUS;AWFHKFKSJI;
96100602634;RKYBZDMNRS;YANOZOEAGS;
75569195841;OULZWSMHPU;WZILSIGYGX;
82993922518;KCTHEDWHUN;RRJWAUJAOP;
94088661782;TGWWWCSAKC;YCBBLTLRGB;
10903743223;DBTKRCHKLX;YMJGRYUFKK;
37447392028;HFXJZNKLIE;PGTJHIGAHT;
90063039270;MOWSCZFHDH;DTRTYESZOY;
61456170047;FCUIRDOGEN;GULWOBCJAM;
5170423561;ECHZOOSGME;XULPTPCPEG;
70620607085;MAZJNDOHOZ;ECYMMPHGHA;
61912025375;FLCZBXAYOB;OKZGLJJNYK;
97689148828;OZKNYRXJZA;FYXKWNGBBP;
86422875154;FJREOWTWRL;NNIMFNZBHZ;
30899745520;YSEWFKIWYP;RANHPUAWYS;
49708110313;ITZYLWHYZI;JDRASFGDMN;
76858193459;BSXYNIUCZP;RZLDHJETWM;
12450678053;MPXJXTNMUU;WJUXEYLFEX;
67284552010;DDMFINSSBU;JHZYBOOSRO;
37741648549;KGDIKWILGZ;DIIBHFGTWN;
75180102212;BHFCDOXJSF;KYECXAZNWU;
30001483642;SLROJTIZFW;GEDYPAZEEA;
84146754781;SPYLXSEHZJ;NZAIPKTOUL;
16390976446;TRECEOANSK;GWITWIOAPP;
88252288865;YIPJUMRZYB;KCKEXBUDXF;
14736690472;FNNGHZTBXX;XEANJHGCHD;
28780085284;MFZGNHGTGA;RWAAUPJOHM;
88809139754;WMMSFAGKPK;SAPXZTNSBW;
61862089755;RLYRFZAJTH;EZWIZKYJSY;
1609567393;TGBJHDKFRK;UTMUPKOTDO;
47809217278;EEIHCTAJEC;RACOCBUHKH;
83702636119;IXNYFEYIGP;GYRKIYBIOM;
81152853585;PPMMPIZEOO;BMRJYKNCSM;
62818099992;BSXRKRKXIF;IWOWPEGONP;
34107945901;NLJUNGOSUR;DCPRKGLRUF;
55849255861;JSKOSBYPTL;AMFNFJOFHF;
52907422416;IIYFJJMSWJ;NRMOXNJIUG;
90967776594;EARBNAZPMU;DDANFHBYXM;
17900272043;JORROWUOUU;ADKBOEUOTJ;
76709908234;GECEXAHLAD;SAUBLAYZES;
50874518320;MZBBZIIFGT;JDUGHXZIAP;
763162141;ANKWSBDXAP;PMPOUAZWFW;
78536841818;XJKXOHLAJF;IEGXKLPGNL;
43336737914;XOLLXAEOEW;LRYUSKRXMX;
91621672548;XPBAEZTCJN;XJIUDNUXNT;
15309513698;YKMBBSIDXG;ACZTSXIYXS;
56641409917;WPMOBOSATW;XWXSALWPDT;
79175011399;ESXGEGIOPX;SAMOBHDEMA;
44500844311;FHISUFACTA;ZTFEKEICBY;
58999533506;JZBJJIEOXF;PWOSNEDRKA;
47747124883;FDSALADTZX;ZRUNBUGIWK;
81495423741;WPKMMPPONS;TOLUHTFRTB;
64963052387;SBMGJWPSXX;CTCYBSISLT;
16695418981;ENJIWSALDT;WRNJUYGHGB;
34976008137;FEHBDHSLAA;LRLDWZBYOK;
91320574031;RKMWHUSPEK;OFKGDIBJJK;
8887485125;NEDMXOKTEN;LESKTKJCGT;
48883651268;OGEPDCBFFR;MZHGBLRNSZ;
11593072771;KMATZZFPWU;LKNTZJBSSU;
35769477001;SWNNNEOZPR;LOZAKSNAZW;
13137726613;LXBLEFEORX;LYHARCIZTE;
55335211448;KWMYWFDIOM;MKTBDWMCLY;
80025268858;PWXIXIPOAJ;LYHMWPWDBX;
36881982935;ODEJPUFZBZ;IXPFNHYHAN;
33657374127;ELSRGWNWZB;FEGAMWNFKX;
44910057282;KUEJSWELKB;DDPEELJAWT;
23697938198;CCHIJOFSLZ;COJIYATCUD;
39792308306;ZHITTNMZCX;HWLASLEGWP;
91646555404;KKKRWCKXTF;PMEYJSMJYY;
30461187120;YFKHEIHDCM;ANZSEFPMFU;
50095901281;PRCDFYLIJT;DECOUGNGLK;
63020552135;HHWFTOIGFG;WFRSXJIURT;
16700125436;UEEKPTOYUS;XLNUBBYDCR;
57250490353;ONJLOBLBXB;JJREPFYEGC;
7244602452;NSUDOYBRXD;IXEJIGJYIJ;
48924288909;PWRRNLRDSH;NYXXWJDMRK;
92864711843;WRGKXDXCGH;YATHBYAJCH;
40164436586;ARIPHYWYYI;YGPNTIYITU;
36375550863;JJKWZJEKLJ;HZSLBMTSAM;
89058525181;OBBEBPRBEW;YMKAGEMIRG;
21619354428;FXEKRNIMPO;DTCJORYOCL;
62904268491;IBNRIRNJPN;SCBSSNMLIW;
19103670535;FZRLIFWJPI;AWONHEZZPK;
57111285695;BDFARUMJOA;ZEKPGSMUFW;
82300369604;TIMLRLAJSI;MIWCECSYPI;
18212691493;CIRPOFWSWN;ROTFMHDOFF;
38400426879;ABLOHDJBLH;AEUXKCHZSR;
3122543020;PFHFGRZOJW;PRTIAZXNWD;
8802529041;SWNTKPISJZ;HLAGRXSTCX;
10726903012;ITCGISEUFW;GZCLJXJASJ;
83704462979;EOOBKFHKUJ;UIWPKOHUXN;
28091570648;ZTWNIAAKJW;JNNBCFWXSD;
69473939241;ZXHNRIMEUG;WZROBDIXML;
51742457817;SYHYCXYUAD;BSJAJSBJDY;
51432110686;GFIZPAMXLD;OFJOKWFFBH;
60516119756;NIOGWJNOJZ;YLIOWSKDFB;
33838068520;TXWXRYSZOR;EJLPYBFFUD;
61152407344;KSBUMNSWTS;BJFPEFZMZX;
43120081385;MBSZPABHDP;HGLIZSZBAA;
71940271138;HHFMFUFUZO;SFUNBYDPMC;
39327820760;KOAXAHSWAP;KOLMUUBKYR;
81687488311;FZCHTPCRSN;OGXWXKOBSY;
60699910690;AHFWTEHOLN;MMJPTULPAK;
14117546669;IZOUJIIAOF;IZEIZOTECU;
46591269587;BTEMIDYOON;JWBSRGCJLR;
75041991442;AJFJZGUJAA;KWYSANRSWA;
59550473899;CEWIXGDFOA;HDZPJYIDNG;
43210824773;SZCFHBHDTO;GLCTDJRGTC;
87556608268;YOHOESNLTS;PSAUGNMMIS;
54427971527;PWILXBICAN;BFBYYBGCCC;
72204766282;XSSEWOCRRU;WMBBCTWBAZ;
40412617507;EJXGETNYRX;OJJKGUOGBH;
47128525553;BIRMPEHFUW;OTILYCSFNJ;
86681849152;BLMJPCAKPK;RSKYHNOENN;
62431832774;XFFPGSZMDD;ECCYKPKURX;
12504693408;LMPZARUBDH;DAMBNWFLMC;
56539560445;NXEGBTCAMU;HHNUCJRHTW;
59908006193;HTZWGWXBWS;MCTREOGNGK;
69163727250;GSZUCMXNZE;TGURPIJMOW;
1892311858;LFWURIYDSS;BSKLUPNLUX;
49819740809;DTARLUSBSJ;MZMUWAAFYA;
65024782390;INAAYMAIUC;IHMCRXGOTB;
63361741654;IAZDIGCYAI;WFGLLBTFCG;
21770581413;CUGUICJAET;NGJISSUXSI;
6253396154;GJKBFFUWEW;RMAZCPRISN;
82009918523;IEXFPIKBOH;WIJWPJJOJN;
53783962050;OXSBEPUBZB;RUZJNJITIG;
10432674264;XXAIKIHFRW;TAOHGIFEMZ;
52555712659;KEZPDGLCMZ;RNOEJDASKJ;
93139012480;BNNMXBYLCB;PRLPKYDUUM;
48633177818;SPMCXFRIZO;PZRYDDBJUZ;
68134983986;SYTDEPCOES;XPJHPNPTXR;
18314045323;UOTBEXPNRX;LHXWSCWXWJ;
27146626560;KRTTGBBTEP;KHMJJUAUNR;
69966618194;XZOGWXCJTE;AIMXSCMGII;
48070128943;ABLBBKCZII;OTSEOPSMOT;
48943481169;MXIOOPUFUZ;TTUMMJAWWJ;
82716083785;DOEABNONCF;BUWRWJZLIK;
8604177601;YWDGICJFHB;TNKGBXRFNY;
7895057038;DNJFDRCAXG;OASAOGDSLI;
34351729561;WZDDWIXKGY;DHARDWLELE;
37334586692;NWFWCXYWZO;RSYSNAPUYW;
21517166236;XUJLRFCPFJ;SJDDOTRTPZ;
38205952342;MGNJGREIMK;SSGIYIOLEJ;
43160045727;ZGZKKSXDIC;LSZBOGTHBA;
4899934254;SEBZUJJWCA;NIAXTFBEDF;
84035060947;IANSPLXBXJ;WBENNJSYUK;
80498674219;UPOSRGELJD;LOCNCBURTX;
49747927325;XMMIDLULPL;LYSAONUOZM;
94779782498;CESOFPUFPA;XGTWJXLPED;
5848086709;JYWKXAPSUY;TNXXZTLGUJ;
19358647807;GJPNZWCNHI;FAUYJGGLMR;
64829631490;BAEXOEUXLJ;SPNXOKSZWA;
46967225174;OOYUMFBZTJ;JBJRMZNATH;
14388940170;OYOSMKEXLU;FFEAROJKKP;
73113952723;MBUKGUSKXT;OWJYZXPWJY;
45110191358;UJRBDBSFGR;DYWWDYDNAO;
70763503095;NSTXACPPTZ;ECXGKNPRXG;
35235422208;ZGKGTSHSEP;OSPTPYPOON;
84861109813;RNZNTPIHYP;AGONEDRLNX;
73014764584;CSPXHYWIAZ;NLKZGFGUXI;
5902412686;MOYHOCOAYD;ZNJXHWOJYK;
51614130233;DFWILYPFDM;BUISNXHDFF;
74793684568;NWZLHBZSKJ;IUUTTDMGNJ;
53534671521;RPCWPWXRGL;ZOCMAJKYJH;
80227965354;MONSNWEYME;CEAOEKZOUB;
87433244470;LTRDHHULYT;ZKTIOTMZBB;
22436388100;SOPCZSLXAU;WPZZJJNJJA;
58965307079;MALZMZLFYT;BRAPIZWYXA;
21512693271;XSLUODZUJT;HTCCWYEYBA;
73753040960;DWENJMMJLP;XNPBIKWKSH;
63998509772;PJFAWALARZ;CKRDHUBRDC;
89916173093;BPHDLTBFWU;OZYTZFJHAE;
25131523498;DDMHFFKCPO;OEMLFXZIOE;
73074771925;NWNYKUMDHC;CZYSTZYCCR;
9788764971;LNAAZZRPBL;OGFUOCUGHR;
71994484548;HKSNDTRFLP;RBIOSWBXOU;
39402957041;RFMYSKMGFY;XWUGZRGDCR;
11113558543;UJBYTRBPDY;NYDZHJUORZ;
84784445950;GGZLADTZYB;TSYOETRZBK;
83204983571;ZUHUARRBOC;IKEZMGWDOY;
98139123197;FRZJJWULBN;AJOFELEZAM;
52920575531;FGTHASWWRF;DZMCMKDZFZ;
73038165265;KRLXFBLKIL;AYJJNXLLOU;
91728391951;KGPXBCGSTR;HULAMSRXKR;
23509040471;RAHXEKUFUN;LPDFPZMNUS;
12328168124;HGGYPXIRIM;LNZIHMBJAU;
39268839676;HFXTXNHICI;CBSBXFCLOW;
93258478276;XHFKYBTWSE;GGKZSERAYN;
37564660603;LXTCSJOLLB;DZWSXFOTRB;
58835060386;XBYHPPDFLN;YNKBGFNXAI;
18435010227;TEYMGAFISH;LDSZWYIBNP;
86986114216;FZJIPMOOEL;JTGGTJRDIN;
83676995553;DMZNSLUIZX;BOPPIJFAZG;
92368070137;EZWHWUXSFL;HFTERCZBEG;
99389313144;EZYIEJSYLW;OSIDBCSMPC;
28450687821;EFKXANGIKN;KPLMRUNUHI;
25247749218;NAOTWDCLEY;YFGROFGHHU;
85054998841;KSROFLKNIP;ZPCAFDWGKN;
10377702922;GEWDPICHBP;ODZFFIXHAG;
82847960711;TIDPPEGOJW;EUGTKXTEWW;
50521380810;OSPCKCMZHK;WMECPITWMC;
48076829955;LWOWKTNHFL;BFOATZOBHR;
60134073560;PDINNWGAPP;IUMMCJSWLG;
32934440857;GUWOCREUTA;KTTWZIIFUJ;
46524756362;MPUTGEHMWJ;JIOXDMWLSA;
91797371662;JLFDKZGCKU;OMDCCTHOAB;
3746343893;BKDMMOXPYF;ZAGEGZAMHJ;
51165441312;BZOJECSKLH;UZGZBBHMHY;
14987176404;DGKRRPWAYK;LJXWFSZDXT;
51954605099;SFTAZWKBCF;YLZSHFGEJE;
40129434483;UGTDSFUXMC;LTTMYWSCIU;
36665347577;AMOFOXOEEH;DEFAPNKXDC;
3248628995;GYBZEITYIF;ESJBOKZTCS;
88519153815;LTKHNERRWN;TGNPMYWCEK;
44432260336;AAUTAWEDMK;BPCBXDXKPT;
22724382425;RXECXKYNTL;CKNHMDRWBF;
50024169743;YYWGTLNLUH;PHKFCGXFSC;
33621737645;NMWCGHADGX;ZISKSZDFLN;
43177036076;NLKCPWWLJR;TZHADJGBYT;
31873879907;CFTHILTNSF;HTKHLGBEMB;
96633441130;WEOXJEXRSH;EIEGXISAIH;
41951015106;MELYOCBZNW;UONWPOMOIJ;
62549107855;MEKHMGBNTO;MDXGTJYKBA;
43324502763;BADHACFKHI;JZBCKEZPGR;
96638825649;HANPIKDUYO;IHLRCDAIUY;
73756358802;CGYKBBHGRK;TYNZBNCBAI;
1414893802;GNIKPPTUBD;JZCCUZBKFB;
29934677240;SKACIYRUJI;KYUZAAURRF;
25121856932;AYIEHHLESD;ETMPSIXYEZ;
29181136784;PIIXYCOGFC;NJMYIPOHFT;
86501771071;HGTCCYIIGK;OEYKBPGXIM;
92743590692;ETDYIGJKXL;RHOWIDUSMJ;
64932620930;GAHYDGSUES;YGTBDCZIDH;
16222179884;MOJNZRFYPM;FDSUDOOOLS;
69183438706;LKAJMHBYPZ;UMMXAUXLRH;
67993952264;RCOFCRNYMM;FWSRWSOKDN;
6500476851;JBATXCPSLE;FZWYEFXACK;
49006493120;OMXYUUBNYN;DIJJCZHXFU;
41281869911;WPNTNUKEJO;FEWGTWZSNT;
25569214663;LXARUYPOAW;JLBJDHGUXF;
59875669017;TAWBPXKCBR;KNNDYHGKKS;
4478594620;AITPUNNJMD;MPDSWEXLOT;
74363036860;RIGSLHXYSH;BJTIKATPGN;
46783295559;EKNJYCPHLE;SWGFCBGRTO;
17749861676;KGCAYIRPRF;SBHGKDBEXW;
64051166569;EBRYORWPLI;TTWAISRGDY;
38982616920;NLWBHAOHZL;PGJOGASZOS;
59242237900;TYSNYGLGDY;MGFDNRKKWG;
3120504095;ICTAIKBDXX;UTEHZPZTRS;
14613926895;RREIBDOYCE;IXFUKGEJWA;
20323188667;LUISTHDUWS;CNXEBMNWNI;
13591170813;LHNPJISWSW;SHOHAGPKSK;
30641518208;OAHXNTNHTY;IHGNPAGDYS;
31098583408;ZKZKUZRRHH;KTIEDBRDDW;
42486268034;RNPWUWJSWW;KGLERZKWKO;
59987014497;ZKKZLATCAP;YAHAHMEXMW;
34362074332;ZOYDXSPRMK;LXOOUUYFNG;
35323497870;HFGRMWOAPA;CCJSZBLAYS;
17722487979;OIOXAOJDGM;ERMRPECJSW;
34445210088;KARLIRTBJR;NWBYEMLUHS;
57907523450;PEMGZINDEY;XSSIPUXMKP;
92148408470;RGWMFFFJUZ;DUBNWLHENK;
9390918470;IGZDLWBKKX;SWNAXGXUZF;
45205127838;NFMDWZGDFH;PXARJXTLSR;
96342354584;PPEDTNSYAN;UZLZEILBHB;
10232288536;IERLGMTHEP;MJKAPXTHWR;
366432553;EIYHGOMKHT;LFWEFYANAJ;
46799679887;AIFNTMYEBB;UCOBLTCMKX;
1194148399;KRYNOANTON;ZFBJLATCFC;
45365626120;NWSYDJXMIF;DOTBBSSUHA;
6259515421;RYZWCROJTW;IHSTGHRYMT;
17021592471;CFEGNDGYDS;NBIXIUTTKM;
48055948630;PWCTXASAOB;TBTDROSSKF;
8044608120;ZHWSWDPRWU;DYBLHEDOUG;
90282606687;PEAPZTGCSB;WDRGXMUMDB;
9645001707;YAMYSZAFFN;RGKMYYPYXM;
53937712112;OUHBRFNDZS;HRNOZAMMWO;
13219854075;KZBHTFGBNU;ZSHJIEAMNE;
60118325846;JYHNNYNSCH;KACYLZEKKL;
80539088285;WDMZLYRUSW;SGNXADKKRA;
58700128209;WRSPJRTCBL;BTUOEAAAHY;
78166128147;NMXYPLNCCE;FCWKCGTDSB;
27852818749;LHDBIMXWJP;CZUOZNGSDI;
76721531377;YEPJICSONU;AWDIDSCHWY;
62972034167;DOYXPHYOCZ;CGXBJDLOSF;
29073514998;GTNXUNNYGR;PWWKLSOILL;
5514767790;NFMKHBFGAG;ZJACWSUUWM;
53151855881;IDMPAKUWAF;SXHXNABZCU;
77130043456;AAJTXRDTSJ;SXYFBRIYKA;
36002878694;CNLGUKECLU;JDOOIGOXSR;
59464154490;GPDKOZXFGP;NPTJNJWBCO;
13020130607;HLKZNYHDUZ;HPIKFXKYGM;
86492878416;IYBPPHRAZA;SIIYBDCPWL;
2210268826;EFCDFIUODB;DWNXBUUHFE;
44200554401;RPYUGFJEJO;TRASBNALZG;
8561167200;ANRKHCOJNH;JXKGKWDEGU;
46832075342;CMIMITIOXU;PXMSFLEBXP;
29454880396;AAKZWGRUKM;SRASHWWZGY;
79129373017;NBHYLRDAFJ;MPZEDUAEWH;
77427241510;NWEIHCSZUY;LIFOACYHEN;
83541747288;YSYWEUFKRE;JBXJWJOXEF;
96179978725;EYWWDSEUAR;FTTBBSKZRH;
28337347637;OCAAXCWFUF;HGWOOXHIRF;
14852182138;TZAPHBZZKF;IOIULHCIFW;
85375202797;NEZLMRZOKK;KMPBPMGJDU;
94622687961;ANLGCMZNBG;EXCYLDFXXU;
43653995697;ZGFPLANOFY;FYPATEULCC;
17184060795;FWIGMASEEO;ZOFCPAOKXO;
3530766129;IETCTDILLR;YFFXGCZKGZ;
8671191441;TIHAREBDBB;AYUGHNFARI;
11663852159;IKMPPZDWOC;MKLUARLRAL;
43887927983;YFCJPBESME;SDIHAFLFDJ;
66094905044;NPYFURZNAY;BSOUCXBGKF;
41851272130;EHIRWJOTOL;PNLXUTKYMI;
45566693048;GWOWOOFHBC;ATXJYEYNAO;
52269981386;BEOGOYTAWA;EYYAPUMJTM;
20665273076;AHAOODXWZE;OBUOYDGIFC;
48862618932;YPJAAMIDUE;HXTCDELSOW;
37768650358;IEGLTTOCAW;CICRARRXFR;
15718383026;ZYWDDTHFUN;XHEKWHYIEY;
30509842388;RICXLTIILB;ILBPYXYWEA;
24843468184;CHPASPNCWJ;TMOHXWCDUO;
60528915096;LHXBCSTRYL;IEYTJYPMJE;
34263748383;JUADADWPXT;LKCSNHAECX;
3999406850;ONLOLOCGYF;ZMBPNSPNEB;
68286006085;RUUJMFXUUC;HGNWDSWCRS;
1377974081;HDFONAPFZN;ZSDPTHGLRM;
23751865048;XHARKJSUUI;EHXCACFEYM;
99905558439;SBJXLIBSRI;HXFZJEOXYP;
5753025409;RNRXRDETIY;YSBXHJBDUZ;
83382865766;LWKPPNRTRL;CDMNTDTKGC;
97496196695;BFYWFUAZBT;KFSNEFNDMM;
14780188044;MKUGDTFGGX;RBLNDCJGIU;
74384041160;RLGMUXYNLI;UBNTTKSOOE;
56750236640;NTANWINRHC;MBEIYKHEEX;
98614403191;TFEIYONBDY;UMZNDHTYLP;
58550350929;MGMHHGBHRN;IKYSRUDRFK;
71989979002;IZUWJOOPIJ;DTHXIHMXHO;
29579175566;WDRABTEYSZ;OWSRHTMPUH;
7281161338;BPIIGIGRKG;ZXAIXUFLCG;
30738427302;BOFKOXNLNO;SMLSFNHPIW;
10491733214;TMSHHLGMMZ;KHTYUYFZGA;
23371547791;WKYMIAFZUF;RJFMSUGPXN;
19368712186;LNCRIIJIPX;MNDJGELITK;
35991737543;UKOBBTFAJC;ZOLHAJFJTX;
27159861072;RTFDTPKYZS;RORPZUWTXO;
70521904881;JDHNLJNYEW;KGXUAXEWXR;
85710336295;GTAXEKMRLO;DUOOGRUOWZ;
92074837394;XPMNSZDLJC;IZXBCDNWGN;
47477282882;JEXAMTNECI;HUYDEAJLBT;
1200665097;OMGXMZHNII;EJUWWSJSLJ;
90572681986;EDBGUOIPIW;PAJSGIJGCK;
84514253055;TYRCMBWPDO;LINKXUCAXT;
3956555338;GHYNFWEERP;AAHTDMMHWT;
69546947808;CBDNONHWNX;NSLGJPOBEU;
21086563708;XFSSKDXGFS;FFTASKTLZN;
24329711497;DKLNDMRIEI;EWYZWLXDHL;
50960893997;ODJIOGFHXF;BTDUMIXPIZ;
47573231161;WFTEENIHHP;EFELYWAYAG;
11346293216;KBOJEBMWYZ;MOJZACBCPR;
51875455393;OZJNTXDOIM;IIODAGERKN;
72189553519;GKGASALSWC;LNWEOZXDPD;
65775146275;XIGASEMDLP;PARABDCWEL;
9809124614;BAEHESYZPW;NAWGTNOEHI;
13349469698;HYHJMSJAFK;IYGLWFZGWB;
94850519080;BMKDPROCZO;ZOPTOKDFFE;
71663782616;GPMKONCRRR;COKGJONGMR;
72940449329;SLYMCEKGJA;UJIKKWNTNN;
65005225775;BASNMIEJCY;KZDMJSGNSB;
34006363991;GHSPKRRUJP;LGGHEUIZOE;
70692663347;KLDZXRGXNA;JNRPJXBUXF;
74559654346;EFXCFHNFEG;TCEDIKHSJJ;
25521112298;UDGBZYUXDF;CDPJKRNFHU;
95360325182;WCEHPYFDZE;MIDDFLTOHD;
57739949143;RIEYWOHAKW;IPYISDYNTA;
40445280124;KZJCHSSSZW;EPCXKMRIZJ;
91257629369;WTTXGPWTIL;TMXAWDGLOH;
78870849741;CZSKUYWGNG;POEZOGTAMG;
97321094419;KRFFMCTMIP;FKNYCHDZOX;
61233689617;WEGGIYWOSR;OTHFMGIYUN;
87484894021;RSAZCFYLCG;UZGNPGFHGA;
91207621026;TEGRRCXFDR;GKEUCOKORK;
84036752698;RLYBLYYWTJ;WEDPYHFWJO;
77164790437;UCMMJCTXIH;WBDSUONMCJ;
63576856736;WBPCIGRJFG;UDAZJNWIEN;
26812673013;LXPPTSOPOD;YCYWLNUBOS;
44588246139;PLFUMLTOEP;JTYUHNLTXC;
32051356593;XPSGCLBBJK;BTLJCENIIL;
97281061776;LTWLFEHOLI;PMRZRKNZGG;
35489474239;MORKCYCNLU;NPIKSDNBKR;
79286935598;XJMJOLISPE;AENDIYLIGB;
79579243198;UUEMBDMAEE;SIFLRKNKFI;
13458257864;OBYTBZBMRS;JGZIHXCYHN;
23505100011;AZCRYZTMHK;ITPAPDSLTU;
20202430943;RIJAMGPLJN;KHCZUTJKLK;
19411796223;XTDXTXGXMP;DKCXBEHKJC;
33251088415;UDPUBYUHEH;JRIMOINFZJ;
26777840103;MWYJZNUSZT;PADBWNXGHL;
7951141912;NJTKWJZGWU;HRBDPIHETW;
6745782252;LWPTPJAEIZ;BATIZPNSBZ;
46498084465;GPKKEJIAOO;RTFSNSJGBT;
93512859683;DUWIGUJDCS;NLPALYPTEC;
88029387549;PZFBPSWBEL;MNJFADLWAJ;
13891001864;LGRNFKGNFS;FTZKZAIOBO;
57315712581;WLHNAHFOBY;AZSRBNBUOE;
93884743138;SNDGUGPRGG;YPRSAGOYFY;
54315357054;YGZMZKXBNM;OAGDEXLTTC;
70553385820;JKRZEPDYUE;PJXLYCYDZW;
94839562997;PYNXTSFCER;AGNEFXZBYE;
89887869869;NKUEYUWDLF;JATUERPJRS;
27388012147;DXLKDUZSSZ;BAOLNDNXPD;
56204439566;FJKUZSLENU;FREGLMNOHY;
2722096182;OYYWKNOWMF;XEIITMBUTI;
76326077311;DFIKPCCUSZ;XJNTAFBUOH;
56188773151;AFZEJRXXIO;HGXEPHDCLZ;
47405911943;OERLSDCMGZ;JLPWLNDRPK;
61472945677;ATHWXSFKKL;YYXGFGNJHK;
53965985408;CAAMDZAJAC;AROBCGPLSJ;
87940263842;PNXMAMRTBR;BRNKNBENNE;
45444031154;HWKELCOYUA;JOXBMHXYRS;
54630280748;SOFXHEAICF;MUFCRDDYUI;
75098036795;JXPLKDLDTK;LMYJLJKBPB;
46542860349;XCBDOTBZSA;UTOYIYUKUW;
51387339002;LEDMTXDPIH;LCZCNIYDTL;
28579627353;KMRNFEBXGJ;CCEPWXLPNF;
14145244468;DFRCBUZKLY;WLZIJEBYRX;
84740963533;ZWZSUEAZHU;RKUFPSXSDH;
67879615436;DXHPSJZMAG;LKHZAHAJJA;
14111928092;JCCTBTRXLG;GURZUZIELB;
29574837493;EWEFXZCWFE;BACJRCFHZY;
95632110152;UUNTPPFXCP;CMHRIKTYZA;
81671210409;IGCRBUFZPT;IMMRKBJBER;
27271700416;GGIRDNGTBO;TLOYLNMSTP;
86206256151;IULRJHZUDP;FRCNZDMEDZ;
79146769368;TXNRPNJEXG;TBZBKBUFDN;
48053126769;INXNCCZGOZ;OZTMBBFPYL;
45146018984;EHKMYXZEXG;BKBJLYYRZP;
67832790392;ZUAINNJYFX;BCXTKNMJFJ;
60283514745;FLSNHTXDJF;YWDYLYIXMN;
43085913675;SPLAAKUGWI;SGDIGEUGSZ;
22246071196;PMWLEWYDIT;DULJSBDYZI;
54089257375;ZUHYBPDRIF;WDKYBWTCJZ;
16693986660;XAIIMGBKCO;CDWTTAEMGP;
36309262932;LZZXLELWLZ;DXTOLNJCLF;
59770596583;IGGMXSLLDK;XMEIBTHBXR;
74135393457;RJYALPKJPS;XOKISPFRZZ;
84386784186;JPOUSWENTA;NCSZDRRGZR;
19868239434;STFUIADMGG;WWNTPOESNO;
46098820557;PXSTNJDLTO;ZRWFECRZXE;
75833679471;SSGMTIERAN;HFNONALLTX;
5874530398;TKUTLZBKUI;YKSJLFMZDO;
38400304807;COYOYEHCTP;XTUWONAYYF;
3388063624;HKOLZZWUUM;ARTGUWIIXF;
4128030833;SECIMYMSDD;ERCYAMJWPX;
83269932331;ZKGIIXSJBC;WHNAXMYETJ;
7167061326;JUPUDYJRDU;TSZYXBJZRY;
26400015337;MOOOOIUMSO;JNOWSSOWDW;
30689457085;OZAORWENOI;PTTAFWJCGH;
88400102302;KFPUEUNKWA;ETPARNBYPF;
31057661357;KABSGKAXCW;JUWNBBOREB;
64593951891;CFNTRNNSKD;DBYMSAJHCN;
53482812760;GUCTOGBDRF;LYBTKOMMKS;
39972960275;IKLHTTBEOI;DCWYHNUJDB;
81858390458;GSPSPAOMNR;EPJJFHIUUD;
69847152042;XDKSFLXXDT;YUDWODYKNL;
37846354261;GXUHWWRRAJ;GUEXDCPHDZ;
41076487902;RIAKELAXAL;ASMADXZHEE;
42850733186;DYTLDRBIUO;UAHPPRWDFA;
30133920396;ATPYZRTJHR;YIFBGLLWEC;
20279000617;MXCOGHNGBF;DWIELHUYEO;
22894961205;PEROYHYOAC;LWIKCYSSRL;
92474052960;YFCIHTTMKX;UOHTSCMDJT;
21076344483;GCUTLULFEX;CZBXJIUKSI;
2979546883;ANIJYFBPIO;KOUKUTAUUG;
24225940831;DTAWANIORP;UNYXWWDRKH;
70054099263;NCCECPBJSY;ZAOLCAENAH;
38579850535;YJOWWOPNYO;TUGZGENDBH;
32137166121;JCNJTSZCJR;JPZIJUXGYY;
92858329205;BBEOPNNDXG;POIPMEGGJH;
96806685853;IZSKURRBMF;GTEBMRCDPM;
46697175545;AFXZDTIUZW;BKYYXBEFMX;
30663677211;KJMKCGMLJJ;KNMMDCDNBL;
53511029565;LYBLGJOXZX;XFIXBAWZLO;
19508870243;NSHLFGPPYN;IDSDHHAEZR;
62465506701;GGDCPUBGYK;SIIKPFTBDE;
13158082290;OIEBHUYSAP;JFRSIHPKPU;
10887814729;KBYAODRFWX;OFSODWWHBR;
41115051119;WTYWTYNSZO;PEJWIGHENR;
69582333371;KKADCBCZKY;FWNUJRTRXH;
89481913178;DBOOFIWAJZ;FYTJRIDUYR;
66629137824;NGWGPORLPH;XFEWHDOSIL;
14446345182;MURHLKZUXD;UKDJEKNXXF;
40610234954;CXCJNGUMKW;CZJXCIICEP;
92802330025;FNBGUITKUM;EXMPFPUMLR;
44389122839;XWDTNLKARO;JAFNZCXZYW;
52879526147;LBHEGYDTAM;DDHPEJHYAD;
90459937043;HIFLMLSRKX;OHFUUGIFTJ;
78015786204;GJGRRSHGSO;HOWZZEIMXG;
89622088484;FPKAYMFKRL;RYLLJRHCJK;
42330361290;CBUDILAOZI;WTSSWBKMDF;
91988270127;TWICEUBOYX;RZLMLXGOWX;
90317767065;SHLKOOFRBF;NSTUWCBMEF;
94608171482;HNXOPBPPLP;ERTYPGJUMX;
76251956786;XCRIANBXTS;OBSIOEPFOS;
53153699557;MEWJUWPXBH;ILKODPKWLL;
76170443472;OOTTOTSTWK;XDCAMMRORT;
21220587064;ILSMGGKTZK;AFOUMWPLRX;
81069287149;GOEWZMMYSM;ICPKYRWPGH;
22750956272;LJPUHNNENT;BSLBMMSSHE;
17718167287;NRALNLMBYC;HBPEFYICZB;
98690219157;KNEIPACPRU;ZTSCJARENT;
9493861124;OLWUIPPIZU;LWODSILSNS;
22913844010;WLZYJNFDYL;IHONHNKCPH;
32243156798;NOZOLFPIAB;EKUSKYYFAI;
91498732371;ZXXNTLABIS;ZPMMBROUBP;
43630513762;SNCBKKTFMP;DXCPPEFOPU;
11979566325;RIPBHKTCUB;UHWUUAILTK;
87876526899;WDDFFEGJXK;NYOKMOZUST;
48111002967;AXWBXZBKMN;RHZFBZGKJB;
50421865364;BUDHMCJNWI;MIZDMOHENS;
20294164133;IFHLZFJEHC;SOERYMRDIZ;
93761582004;JKHEZWFWZT;JBDWINFIMK;
24897645317;FYDPYYUHME;DBUGMLYRAU;
84696989509;BGJNWWDMRJ;OTIHPPSFHR;
62868202555;CYWBLUMNZX;ZJRSGMXTKH;
93449442587;HCCDINUOZC;WZEKYUFOGS;
93611486390;SGMNACEHOT;DGYNNCJWNO;
49351219851;JWNTNUUXTK;HNFPDMHHNY;
3645029975;MZGTERREUH;YRKCNDMUDF;
68200011280;JIWTCTPZEN;LFRFULBIHC;
44848813615;WIWUCWFPRI;MBCOUPKTFC;
96422810686;JAPMZAJCYE;ITUXLFDPIA;
93273186447;AXDYZUSRSN;POOPDYAXBM;
58285225276;FPITZKFTUX;FHAZJDZBZJ;
69958377194;TMEBBTDTWC;ZAJPJMYEIT;
78617885388;MEUHFXIICE;PNTGTEFZCD;
17017127273;FUOCRUAEGE;CPKERKCNUI;
32466380805;BIIUOSIGHI;IWFXLJLZUI;
32724863392;LOZSNKIRZN;NIXBSWTGSO;
24402917800;EKNXLYBGKC;BJKTBAKBAY;
9960179359;CTPYMMADOM;UCBAJBUWLW;
22178385630;LUGJBMYBNI;YORRETEXIK;
26856982527;XYNXYFWNAU;MDBXHXCKDJ;
79355342548;GJSMZCSRHC;HMBHMNEMGF;
11226618399;TXJOYBPZAB;JKKLBJZSUI;
81544858457;WIURPPJMXS;ESBEOJSKCT;
9941624745;PTOJGNIMMZ;RDECBILJBL;
18865840962;OYKRPLFNHF;NFTICJZROP;
83736229948;XUWFKMFZXU;YJTKYCJNKJ;
57456461727;UEBOWGDSIM;EUKSRPWUXN;
20063018210;AJNXJEKPWT;NXZZGEXXOM;
22534178914;FKFJPROURU;ZLUHGSICUE;
78674130445;BBMIMOFIUL;BBHERRLXAY;
1193357419;DWKXPAAHZK;EWXXFSYWXP;
43690498924;BKKMJNDOWP;WXFRZCIFBT;
84663374103;IKXCKLWZNP;CNRNHHRRPB;
55860860619;WHFOKUMBAL;OWEIPRSWAA;
30746591228;UEGBDBPOGI;YNHFUCJLZM;
88236637213;XITRJBXDGR;NXKMNEGSPF;
38521888577;NXSDPLCYRF;BSJSGYXLIU;
78851243176;IXFUSUIYIR;SORRTJHFAJ;
49044560926;NOGPAWAODI;NLXLSOTPJJ;
82694993487;ENBJNLWMIY;FZBKJFSSKE;
8301144469;KYDMHJRFYK;UYAWDZIHTS;
63569652325;JLKPLJTHBZ;XSPHHWCKIA;
52699988546;RCXLKDRIMJ;GYXWTRCATR;
51292837414;GAKESPTYKD;ISXTTSJMOK;
91049305476;IWWFKISZJG;BTKLJBCPKC;
53147449520;RMYZEXPWXP;FTUBRWUGSI;
44439986100;MMDRELIFKY;NJOPKENNGF;
76283073960;JFXWCFWKXF;ARCEGAXZHW;
8284215981;NAYGYBGUCY;NAZLLRZFJM;
14373539797;PRINOFHWXE;UDDNAYGPZX;
21106253164;JFXSUCZHXT;DYTILPBAUX;
44781619787;YKEPCHYSAH;UNGLFBHWXR;
78378887391;NWSPECSFYB;TAJSGEOEMI;
28805645190;TDLUYEJRNA;NMWKECDGTB;
31456359811;LREAMRKMWO;KMTCDTJWYF;
74432484322;JUJFNIKTHO;RFCWSFLUNW;
74159104860;ZSCYHFUKPE;CPFNEJOYAF;
25988180600;PLONYZWCIA;WTSIMOTWCU;
14948212099;SBPULUSYST;KCYDBTSKHY;
77817420072;BDZBLKLZBY;KHNCMWTPGT;
90203834363;YNTYHYDUWW;HKOIFKLUWB;
47732492959;HTYRDDOLUO;ADNCMXPGCJ;
64465397217;UTYWUABBEF;YHSMPSZTPS;
17727174425;RCYCZMBJBI;ISNBAOPAEJ;
74242715296;INYOJYDZFN;UCDZAIBXDO;
95573972790;TASPEUUPAE;IBYOGWKXJC;
24130034124;UZFNSCKCKI;TCSNNTOAYH;
30651909491;DADWJTHKSC;BYNYZLIAAC;
40420855516;XMZLMUUZRW;LPHKGEYBRO;
50433849740;UJROJSADHT;NLDUSYZWBR;
34342627692;LWAXTKJDYP;UCZOZGBXZZ;
94384164413;PDKYYDIUGP;EICHCZRFNB;
855381350;CZUFBOFMKL;CNAHCDDULB;
26195607288;TAXGPIELHA;DGXTSZTWFF;
59645392014;AWFGMPMWPX;HJFGHEXONY;
38196966165;RRMHTEUJAN;HOCFTJXLXM;
71251460437;FSMEFWLJCC;XDKBCKLKHJ;
69048214567;RDUFTDPPNA;OHKSKFSHHH;
85396583850;SFFCAEGHNY;WKZXIXBJYZ;
98144730690;CMTGLAPGSG;RFGBUCJMOG;
88664195950;HFJRFLXRZT;SONTDCZWPN;
36419636599;PKGTNICCAS;IMGYGWUUWZ;
27304398018;HLYBNHJFHN;ZZXEDHUHET;
47230126315;TOCMABNWAB;TWZTDURWBJ;
71982888279;TMCBSNMYMM;BHEBYBBXPU;
52290104178;FWERBGNTSI;WYAYFYLLFD;
48565074297;FLXWAABAGB;YTSRXZGJWI;
12840815259;UHWURKEOBK;IMAATJYKYD;
29293860301;LNGCGECWGU;EKRXPKZBNT;
45406176678;EKIXJZKJHY;KFFWLPAJUI;
3451415153;SYYBTUDCAJ;EGEHDNFLMG;
93103749813;RXCWFRUBWR;WOHYUCPOAY;
88094045455;RLJDJSMLUU;MOODEWZXMU;
32291517296;CIJFRRTJPK;MXJOGMPZPS;
79882747581;CNYJINZMHR;PUEEHMPHLK;
10571739597;USIRSSCORS;NECXNCPFOH;
20566703627;EJLXWUNEPX;KYYFUSCGGY;
82315500962;OUKMSCKYYA;CYYALINOMW;
71201936444;ZUWSKYAPCC;JYZDMPHWHD;
38077942348;CIGZBINIPK;YRZNJPZOFO;
82144405500;PIBHLGTFFX;TZTPPCAAAL;
42943203403;WYTXLDPAUW;DIYYJYYZAL;
83331322147;KGUBJMOJNO;OFXFSSIOBG;
7835755757;UJAJFNLSKW;LYGOSJHJXX;
93437200062;JNITCJJKTB;RRYERSIOCW;
46417766751;DKAPJPPJIM;IGOCBDOOAN;
23625578455;YWOEHFDJJR;LFKTGZXDSC;
99964322214;OZGKMOMFNF;OSCNYLFLJJ;
19063330734;JGFYOLJRFJ;GDWGFTAPLZ;
70290066020;IPRONIALUD;OWHPTGUZCF;
76478605702;HTOBHBKYBE;OCNKPSMHIG;
97246282668;AGRMKHJXBT;JNDJWNAMOU;
45294689340;GEIAKFFELJ;INODAWXSLA;
39647935692;YDGLIIXETB;MJJXDHFKBZ;
85000355215;UHXDGAUPCR;KUKHZFLPPN;
56995549892;UCGWYUFGUZ;AHEASHCIFT;
33805707527;MZYKARCOZS;SRWJOKMPXL;
96666015315;RTTOXWCOMX;ULGGJAXBTE;
26300061795;LGCUAYACLA;UBLYYLEIKK;
83346542650;LZNSWMETBI;TBHOBSIWEY;
80634995157;MMOGWEKDDD;ISAHXLAPDF;
24687212412;ERGBMLGXBC;KRKDFUOIUO;
9463344143;PAIUTWOJBI;IKTDSDZOIL;
28710020931;JUENEYDMKU;LFFPCJSLDX;
17705387859;MSIHFOOYAU;BHBIPAUOJN;
36332166549;OYCZSBZKMI;XAPAACJJKA;
56762384205;XPZPALCUGG;MTDELOKUKJ;
64937813657;YPAKSOWRHR;JOGAXRXEUP;
25817823944;TJSWZGWWBC;ECFJJTDCTE;
12796678826;AYYHIOSNDU;YXDPLYZUUX;
22539245420;DHPLEMEJNN;KGODUYMTAZ;
70948269266;PXKIYFWKIB;PGTSCWCPLI;
80285981027;YPZGGRZRPP;LARRGONNAA;
80917577497;UEECUIBIAG;ARMOPCLYGK;
62735029084;AEKIEAWYJF;OWJLYXNHPY;
21122601767;HTGWMPSLRL;ITBCEGCCNY;
30503387653;IGTHYJEMYH;TFMZOWZDAP;
34175642919;CEMSBDZXDY;LSZLJDUEFN;
35387676011;GGZXIKSYUW;WPFHIKAYAW;
94949557075;OXUCGCNMMP;AGHRBBAWRP;
11809990598;AOEDLIRHOG;UTCZHENNHR;
61929710446;BESABMAOBU;DNPALWWCBM;
84848871744;ZPUISFSTKW;HSOJOGYEAK;
77473382885;LGSSRPLIYU;MBPTKHFGDO;
61997496170;RKWKXMDPWB;ETDZNXGXML;
17660069033;GRUZRKKMIG;BNOWONUUMY;
1944443857;IMRIXTAMBE;WXWXCBZRDJ;
49592087509;XSKPKYUREZ;CDYRGEPSST;
56731786560;PMJLMLCASP;FCLUAHWWKK;
90078699828;EJECGGRCNC;USAEODHNSK;
72161240334;LNEXHUXYWU;ZRLMNAKSMU;
51617143982;ORJGZPUOWH;ZIUMLCGNFB;
22810548134;TPJCTFXCYK;YKEENRDLNR;
61831961910;TSPUUPSUWJ;TDNREIBPHO;
58692194847;BNLHNJYYAY;XPFAPXOABC;
57949218373;BDCJEERGDR;WIHCNXJKXL;
46738622874;EAZLYZLYRI;IKKGAUPSCJ;
4840786126;TOXKCAKREI;MFGINAALCT;
94429283377;SGDTRFUCEM;SFZGEIXOOA;
28774968145;YCTPYMCHZR;GWSFNGBFMD;
41158323583;AHTLTPGMRZ;EIHUOSIMXC;
39136515314;RCWPRRAGFY;MXCPKYXDCG;
96665074152;BOLSLLXWZD;ERCMDPLMWN;
53349897148;YZOUATOURS;NWHGCBYDDE;
39934329882;PRXWGDUSIE;CWRTCJPJOD;
92730326884;GBMWOTGYCS;PPPEZRXCIM;
6565949186;YKMWGYXAOD;KLZRYKKIXA;
55989309803;GYKFIJGWOP;YGDDPGWBHC;
51259455271;UXZCDXBDDH;AIYIDIROBH;
45447457930;BJCUEWIUCK;SOACUMDNYY;
8331909373;NDGLONPKIR;OOXCNSTIUC;
38228479732;REPTCUYUJL;BFLKNXBZTK;
26653101254;IUSOHKZYTX;TEBMRUGJTX;
30594865145;HCOCGOFWBC;SGFLYFIFTI;
38381033428;FHBNRJZOKS;WWLSGDIZNK;
80172806868;DMKKTTMFCZ;GWBIJLUTSU;
48776385321;PSWEZMRIAK;XTMHJWSLDX;
34640517339;UHKMILHJNL;BDLDEDNIMX;
46757513869;JDYMNCDKMA;NRZWUJWRJU;
51118452381;IYYNSCKLYM;DNZDUPIOOM;
77770380062;XBNITASKCM;EUGPLYCBUG;
28127667450;XDRHNZANUM;XBGCMLKOAK;
11943202723;NYWASWEFWA;FJOHGRRAFX;
8472949126;MHRFHIWJIU;UIBZWXKKNZ;
19490468158;FOBWKFIWOD;DMUMDTGGFX;
74562651348;YNFKACINGA;OXFYHSMKLK;
52694076480;SFPIGTYHBO;HZRZAGLXBX;
59923229498;KRHNKIUJYI;GYZTXOTAUA;
82196245459;GCUYURBLZH;RFLLXIBWXE;
17251577029;ZKEIPTIXXA;IGJWMSZGRD;
98224604734;FGBSADHUIP;OHJOKIGOPA;
82728905624;RIJAGDOULU;IIUSDWBMNR;
70087289114;URLYHDZFSD;FRLFIZBWXL;
48919378772;JDOLDLLSAD;MYYTLFJMPH;
8326899934;GZUYNPISIZ;DMFSSHGRRB;
5395028226;CKXKNPBGYH;FLWFWYZKYN;
21526965131;AGSPOROJET;SWHSKKSPAM;
41324996533;YYBPZBWJOK;TTPZFXZBDS;
25264802165;TNNTKMUYAY;SLKJMJWNAT;
64089474192;WZHHFCSEFU;WFPNDJNXUM;
13794299564;NEDBTBRAIE;BAGMDPIWZC;
18291825368;TJZWPOPEJR;RXNJHYXDWJ;
8259224788;LLWMOMNGTO;IEOWLTPCJA;
34047878643;LFTFLUIPTO;DGBROHOCHA;
19350555128;NBTOJUDXWR;JXOMMOFOYL;
41392659367;ROOPLLDSCZ;GCYCZWEBLH;
4686295029;MOXPXDAYPA;AKWHUPOXXS;
18355474097;DYOCUTPKSY;DRAGHXPZRN;
80885116315;YIHOSKENTD;SRZOTCDGST;
24891818757;ZAJZPFXNRZ;HALFIHUSNT;
34912733269;BOSIJDKMCE;SBCJZGPLJT;
7002565070;LAFOESBIKO;YMFDJLRNOI;
99671309413;ABECFHRRKE;BOIZJOMETX;
6906372872;MFSWJKWBSR;CFYSNMRSLI;
69305928272;BHHIGAYIZK;DEKCKRTWYC;
97551969839;YEYNLRSXIF;YFAYCCZGEZ;
50003168471;FGTPBUJUNR;ODWGRENRKB;
62277138614;BBKGJUZNKX;OYUWYJONSP;
25662972190;XZDIGWWXKM;NYJLAFRUYK;
77926378601;GPYCHHWGFB;ZSEUCPZYKO;
76052938167;OUDSPNLEGM;IHLRRYSEEM;
87709016951;CRYYUMXSMF;KINPWDXPCB;
53637088694;CYWBWSRXYN;BBBUSXENID;
41484398688;THXCEZIILK;GSKDESXUUB;
6857621628;CSDHSNDZIC;KATTGWEZJZ;
1780736743;GPDLNDMBUO;BSERKLAIWT;
94238681538;RDRHZKEASE;BDJLLNWITX;
96453934532;IOLZGGRSRW;PWZCCEFAJP;
57119691868;RLZBSNABXP;NZJNPXJIIS;
86528327078;EGXYKPOKWE;ABKEXMSSRS;
98846305130;UAINTHRDSP;SYSFRNZENS;
60870518007;RRWRSDUJLC;EUITAAORLZ;
32648557264;KYJDPRYOCF;ISOPBRDYJM;
99487875390;CPIYYEBIWA;BYFLWIROZP;
43839999426;LOSCAAMTGG;BABMAKSBEH;
1160166906;USPNXYPCMB;NPLKZPSRRC;
21524171285;BUTNKJDFUF;LJUJSSHFBN;
96693943198;PHKFOKDTRB;OYZRCYAISA;
85122517321;UIWHDDFHES;MLRTHJNDTR;
82766568894;KZGBWDAPLZ;YXNBNIFTUD;
18084089097;CMDOEIOJOZ;NDNNGYAEJI;
50064892155;KNCLMSWTIK;PGPBIAUJMB;
87042252002;XGMJANTDWU;ITMWBUMJYZ;
45521904048;YFDXPCNAEW;BHLYRXTRBH;
78053659813;WGYRNHLTZW;DJKGOPKMLB;
74459188960;INGSDEPWXW;JFUKLNWTDA;
76342873756;IJIGOTGXPK;HEEWXKWBTJ;
20286845381;FRXPWZJTAN;BIWECJYXJK;
67564938199;GHYPTNNPGL;ZUBSMNBYEO;
82408122119;OHBNLGKYSE;AFBTSIUYNU;
3563355290;USWHXJPCWR;GNNETCLIET;
20725213783;WCNKZRHEHT;FWHCWJDOOB;
68967954394;ZFZONTKNKA;ZMDRCBTAMO;
56443665734;STJUXMBRSN;YUJWZAFORF;
97500027492;WKRGPCBDBB;AYNPCTLJUL;
18259745105;IECCKAXAAF;KHXHPWLJPL;
54701921663;JTOKMTXSAS;WSZMDOCOJN;
39151318144;MCLUTWPKFI;OTWBHXYZCB;
6819290983;JGLARBUGUN;XPCGKYXFJX;
35272630132;TBJFRIRFZO;CDWSGORLHM;
57188026804;XMPHBPJGMK;ZWZZREFLAR;
80706343804;NKLDJXHBFE;HAXXCISPAR;
53001321994;USMAIBUUCA;YCDTTHTOYA;
44270884819;YCEHBCIKNH;SFFHXKENRL;
86816792481;GKEJWOTKBB;IFNKBWHICB;
30417533979;THNIYEDCCH;RIJSAHNWBP;
42317525824;NROGMZTPOZ;KSPMOSYPNL;
12328953795;EDYECZULHA;YHHBGRRLAO;
41617086853;KNNZJGRBHO;KCNMOPDBNU;
96429423277;SLADOFJFWJ;KSLENGUCMW;
89166896119;ZTWHMSEAPM;BAHBEIAHTW;
13307346956;YJHSKGZXNJ;MSHHGJPWEJ;
10792622700;ZBOWDSDJZW;AXBTXHKFMW;
64574857692;MFSSPBERAK;GAMMUUSJZC;
55966101244;YPHTXJTGWB;KZEJEDTLIC;
62569207884;KTHKDYHJZO;TCMSMIGMFJ;
26362128994;SGGZILDNTA;MDHJLXTPOU;
81598932626;OGKWZDUMXB;YXINNXYESO;
26961665569;XKWDNREPFO;LLEUCZFEOX;
6425876017;WCWUOLHMGX;NKFZWNMSPG;
81141919049;PHAHPASADO;JMIUPILWFU;
51521947585;IWMNTCCENX;TXPREDWYHB;
65968792893;RMSPNZAOSB;FUUIOMUEWU;
49904752569;PZWUKJTWTK;XRKAJGSCIO;
35591700571;BNRRKDHAUX;LBWSLJRZEA;
27168426598;KGURGIUXAO;BCHAHBKGFE;
27408865524;FYTDIINCUD;WZLUJMWWMX;
58476913716;DMEKEIRIOU;NKMYJSDTDX;
53422418290;BICYTNIXOI;HDJSLGAMJU;
62507074815;GDSEYEDEUK;KZWKNRIFKX;
19055949469;XFKYBHJIOY;ADXSHMXNCW;
25951441822;YNWCBHDPGD;ITETKYZLUJ;
26291218012;JYKYMTDOAW;DRCCNFFTNH;
3682578992;EXFBHPYXSJ;UXCCCMDHKG;
86707923318;DEMRNRFIAX;LYYMXDTINM;
69905543157;RSKIAKOUOR;WOLMICDZNS;
57406076146;EWPEFBINFF;USUTPLWRUL;
63834596736;DTWRMIZFFM;HYTTBNLECL;
84117048462;HIJZDZZXWU;ZJELJYLYSK;
98309978870;WINJATDYJX;SKZBIAONIX;
77608466590;YBXWMMNHNF;NSKPKKDGXB;
85068363531;ZXESPEUMUL;NBXRNKMDIR;
40159215813;BXBBFLODIO;XUDXAMWUXB;
98042383036;IHXMSTSWSL;RCOHKJZJYL;
28794354978;EFIJHJMBNO;TYXXARGCEF;
90595774108;PDWECKKDSW;LKBDIUOJXB;
21887365620;SKWADCYUKD;TDNGOAEHZT;
44105043389;BNCHFEEEKY;SHCXAJGYCM;
62034856174;KLKKENYFSL;KOTTAADFBL;
53723339606;EYEJNWMYJR;ZTJITZNHIF;
96738353006;OJAZTPHZTP;YOBKWGODIR;
43426071831;NJMHUZLUUO;TJRTXOHMRD;
1838478573;ZWORRZWNTY;ZMOICXJNDS;
77268104420;YPZIUUCRUU;EXCTCBSZOC;
56282616773;ARWGYOICTU;GTZSTHYFSA;
79711417924;HDXXBLADWY;LLKCOXOSNZ;
43189888805;IBPSJYAJLE;DOGMWWBHIJ;
21617955075;UEJNLIJGWX;AKJCZBNUKS;
33127980817;LKUSMCEXMD;FHZWZGLYRY;
9365669821;YISLAKWTPC;OPFWDWJEGS;
52733730469;FSNTWFLSGF;SSMROGLZLX;
88447348300;NDEUDOUWOH;CUHKHGZMRK;
78959000520;IXIEIERJMX;WKYPPOCSSZ;
34098731516;GRJLMKAZRT;NIRSONXEYR;
63435730066;GUMIYTDNLW;LFRZFKLRUN;
80210171256;KGFUFPREWZ;YCOZMYMEHJ;
10957431952;RFXMWJTTBJ;YCOEGWIRFS;
78652905874;ROFKNXGOFN;SLNPYHUHNZ;
98169012951;MEJAZICIAX;ZRHJDLGJSE;
82850534339;CMAENCAWUC;PBDYEUANFI;
40937877895;BOHIZLTPCC;XTXLAPPPJR;
91613785366;TEEEKIBOCL;NGSNUGZELZ;
2589098958;CHFSCYKFOR;ZMJBNPJHDE;
63395384123;MPYWMWKZZM;GIJOFOIBYP;
24094045575;HRWLEPIPZR;MCLBOADIWT;
50066047360;UZPAOABMXE;KUGEBWIYUC;
52321052478;ZSYOKSTFHL;RGIXMRBYDJ;
89655752275;ESGAOJZPPX;BIKXUDSZBD;
73139478214;MBNHFCRWML;DWHGINRUXL;
96648431873;BTMMJPBFBI;TUNJHUUXGD;
88455225828;URGNXXDMOJ;FOMZUAPGOM;
50572849100;HOKOJFWZLE;EBCTFERSSW;
27342640158;LXHYUYTITI;KIJAFZMMXS;
2515627094;NLXDHXORTJ;PFZBATSTOY;
3713537267;BSJFBYYFPB;AZRPIXLGOO;
22282520973;JARLXABAOW;SHAOFCODEW;
84821374492;PENXXGEGRH;TLGWMUIURU;
44951555817;FZMTTWMRSB;WJWTIXFCGG;
59779101344;IAHYGOLFXS;EPGXJSXSCZ;
85940259795;JMZBSOZIES;GFAGFAYLKJ;
47922909649;NSYLGTNLZN;KFPYPEXBAJ;
34044871815;SIRIUAJIMY;EDLKITWPDU;
71136856509;UNETCFBWLE;MJOYLNSNEM;
15453749468;BUNNNYZCLH;ZKOFHGOXFW;
92529742565;JRGDWBXABE;ZEBPYELLHA;
29547256034;YDMSAPNUON;SEOKOGSDPK;
28908561104;WKHCASSNAI;ZENGHGXPMH;
89982315149;GUYMPEZRPF;BMJIBDMXOX;
43999184705;FINFRLFASJ;KEKHOYWRDL;
99661462936;UXOJLONOMC;PKNSMTJIZF;
73625173424;GJDBIRBDJS;HTTFZWXLOJ;
4895984155;SATHLOMTBR;LYKZFPFTJR;
8225297293;MKOJCOYYUP;JDNIGALAGZ;
6961764156;OWSBXTZGEJ;KJBJBKPLSM;
16649480618;GJTAYLBDEZ;GPLXWPDKBP;
24283750052;YPDMIZGOPE;WWIFTZZTLP;
71665055311;IGGPCAFRFP;XFLEURCRRD;
20089709754;TBZSXFHDRC;MRKLWNGWRT;
82075456980;JLCBSZBZGK;FNZOXINWKF;
98775762621;EYJZNTZFMY;MUWEKYZUDI;
38857725383;XODICLPZNG;ZJXWDXFOCX;
83219847609;ECCPRKCSLN;BTOLTDXMLT;
4297988552;OXWMTUMHXX;PAPJNNWJCR;
99498976102;WRWYXMMJDG;INPJZDYALY;
30802584080;YIXZTXBAUG;FOPFCILWKY;
37267158190;JFILJBHHSI;DOWRSMDTPF;
98709545578;TOFTUINUYN;MBNDBNSGBY;
17791651207;HZESGZWPJA;PAOPYRAKRO;
92287133021;KGOJMHELRK;MWYYUNXOKO;
13410535086;DDHCHLLCOG;FMIOIMJYEP;
29406048583;UZHHNCDLIF;NOIOTONZRG;
97710770671;KLJGYMJYKY;BNMPRSAMDI;
59574597407;HJBYFCSPTG;CWFGHJOEZE;
4685770421;WBADFXOGKY;KUKNAUUMWN;
86313054908;CYGWOXDPUJ;OXFEOHFCOK;
35103536735;SUNWJJEUZI;CEEUMCNPIJ;
77214793802;TZLTEMISXZ;OBJYMJYDFK;
30873221664;AWZFMKEYJT;AJCHOAGYUE;
33200980196;KCJJXAZOMW;SWDKFSNDPS;
72022654719;BGBHSELGFH;OCKHBPUHFP;
62465569087;MJUILDLACW;KWTZEDPNEC;
97186970322;TEOAUCKRKA;OSTGANHOPD;
19157143500;HXGOKOWUIF;PAOOBEUBJE;
4721591167;TAIWPMOGRT;OJZBPNSUIH;
21047848093;DZIFSTTYCF;MRAAGHMWKT;
28179133832;IONFMUAWTB;GJBZGSMCKX;
28153357314;FNRLKWFFNX;HUKZYGCHGD;
30312199331;URBEOMYWKU;DUNKHOXREA;
83979913115;IZBECJDTXY;WIYCZSLHCP;
81823958819;PKZNUPZYZB;JKTTASDKHA;
70134750819;IFMOZAYCTS;KUZJNNDEZX;
21122404566;GPHTOHDXSX;WYJHCRMHUF;
30548924145;AEPLSRTLGN;KCSFTDXIFZ;
51334425087;SJUTUOXWLR;OOLCWXPPLO;
79959717851;MEHPSADACZ;EJUDLAURAZ;
16551993505;LEIWSLYLNJ;MIWHGNUPRD;
90262089261;AHJGMCJWXN;IGBIMMOXWW;
61802416524;HULBRXXURC;TNMAXLIAMA;
46862807809;JAARUOBNKW;ZCOUCSTADS;
36921791109;FLSOYJMNZO;IIMWBHWESC;
25774328442;IZHLIMCHSJ;ILWRKMMUFL;
83330153712;USGODJPDER;EDHGJXHOZX;
26617424060;NDLADDUNFA;CPWDGLLNZO;
18843613457;HSXWDWCRSA;CEHJEGZNGI;
23813882159;CWTXPESLKS;MFJNHIIILT;
6976329106;PAEHAKAFOX;IYLPNXGPMO;
83649598390;NHPMXONBIR;XPNGZFKFHS;
44709708448;YCKDEIGUNM;UXUFECFLFZ;
55698296230;NDKFPMSDCE;EWSMAFSTPC;
37558826219;WTJARJTKRG;EHGENSZILX;
62387412183;NMPNWCZFNK;LNZKRAZGTI;
99959692375;COXAGRKAWH;NJWYJHIHDJ;
57433826569;MIISSDXANH;OUEIPEFRYK;
29130834437;YOXYLGIOKA;LEIYSKNTZI;
47425106077;PYEJYNOFAD;PBIFHSHBXN;
2984094596;KZTAGWEZAL;PCDHJHOJPE;
3837304547;YWKTJDENJH;GNTPDSHPOH;
65169249847;SXIAOEJYIY;DLZNJLZKWO;
85126831036;IMRADOWCSL;HEJOSUWIKG;
36946632803;SDPBKEZNLY;KGPPDYDKJH;
35971611206;NZNDFRXWYZ;JLTAEDNSCU;
26050861721;ZEAIYSIKPM;GIBZRMJNHP;
81515155683;XEKOEJTNRS;IUXZRWMXTP;
52985424961;AWZPCHXXDX;DJTOGKPKPU;
66565256695;OGWCLWCDTW;BUDBFETGHH;
94470685840;PKNWPPZKSS;WFHLFFHZYL;
31424572264;ZAHZKKJGGZ;CZWBGXNZRJ;
52439519179;WADIWXUWBP;NMZMONNCLT;
14877633696;AGDIYIAMXE;ZNGUAKREGM;
38353962108;OHCPAIXOXS;NSTJMFBNPT;
33014707646;DPAKSTROSX;YRLGTRFIPL;
77682117704;JUFOJJIBSI;FGXOHZFAFK;
91564211165;EWRRSSFABT;ZUZEZCHZZU;
91269954150;KADBRKYAKY;DUZDCSSDPA;
21163747077;ASDASJADLT;RWUHJXYGWM;
58734171811;BWAOFWLOPW;MEGANAJCMP;
73976988466;IOLOWHNCYH;YCNSTGJNOG;
79432967423;BHNWYGXXFK;ZDAKHHSOGJ;
14599761077;AUUMIZWXYR;UGWZAHHFAT;
98615639910;HAODTPZEJC;BJXNORCHHE;
94318247775;BEZSIFPREI;OJXPEOPNZL;
44881426859;MJUPLBKAZY;HLBHMSMKWE;
18966532348;ENSKCGXRUM;AURIGTCOSK;
7183922870;ROLKJNJHOY;TSWPGZZKBW;
98850158973;POTEFLOSXT;RGXDKZMWCO;
85835826870;ICWTDYHFFC;DZBWIAATHH;
76733826867;KMKIZRPJMH;DPCSBZEWCY;
26232471811;WARMCLTUYZ;IIHEODTTDK;
78765579329;DRPOGUGDNF;BYDZTSYJBS;
21374390430;AGBPEXCFAL;YEOCYLRSWM;
50568391822;JTFLGHFBIE;NOMIIEINXS;
75359945026;LSUGFGZONS;ZNRFJKTMNA;
92279391949;DTJXRSHJJU;UIPLDJTOAP;
48931794471;LUGWBYUCZL;GHUYGLJIGM;
94081875207;MXKTMKZTLE;BURGOOXLUS;
71590080943;CMXSXYGUBG;HOTPYZAKCW;
90204252708;CNNKIHCXAX;JNIDESWKTT;
36019886172;ZUBJZZMGIK;RMETJYCYWN;
28083336010;FHFHMDELNM;SXRBDZCODA;
84832639700;ZGSBOANNMH;JNKRSTILRI;
88645867790;RPNUKURLRR;GIUGJGSHZS;
71019729851;RTAPMWNJRG;LSJGFOHBXB;
89374209466;AESIMDCSNK;XWGTWBDBNT;
4449006495;IGXEDYDSNA;HBCUIORBHI;
66955480163;YYWRCBRLAD;CAPGLEEZFA;
18983330242;WKETAXXRXX;DTRPZZZYJB;
89879693203;OXUPKLWKKC;NZBTKWZPSZ;
50230225731;IDUYPGJRJE;OWYZDOASYX;
45662853891;IJZSMRASIA;STKASHDLDA;
88237326832;DBSXPIHTPP;FTDUKFGRLB;
23269105736;TJDCHOECYS;FEDHEWPMNT;
99990289719;XRROYJMYNM;ONKXFPJZOB;
82425330239;WRHLTPAAUW;MTGOIFOIXY;
65068575918;ZMHSHPHLHP;CNCRXRCJEW;
7750625083;ANZJHNBWLB;NAOXFBUFJJ;
10648363126;FAGLTBAATY;FHXMLYYMCH;
65248607191;UDBHWZEPYD;OORYLIXBIN;
24820637088;ZCGGLPXZXE;IOJYIEGPYH;
28297739361;CJHUFNALBY;HJZUKNBKMR;
25018153464;OWZDXZMCOG;EFUBBBXFRF;
70017214342;FHOGAUDOGN;WIWTMAYDPE;
86560341409;XXDFUEYJRB;NETNDOMOUL;
6900076950;CALRMLUMOI;GYWLFWRUDD;
48674320365;SFITNOHGOR;HEYCGFBNHG;
15964745024;BSHNRKWOYJ;IWEWXRJWZY;
17166415333;TAWESYLPLI;NWJZEHRHEM;
20309151828;EPCIAIKFZU;DYCETGOXNT;
70443117689;RKAEPAIUJA;JUFZALZJGI;
49686973262;UKFWNKIRSB;ELFRLMKNKI;
32272365893;UIBPXAFRYE;GGACPANLPU;
29978017797;FERMODRNDU;LYNDOGXOIP;
91551025685;JEBZWGYEUD;ROZDCIFGLE;
83137933733;ENZSXHRRLM;WYZRMLAYGR;
19532326609;ZZTNHGCKAS;TLGOBWAAJM;
12747423016;KITTLMABYD;DCRPWUDTHK;
29265431225;MFNANFETLA;GACUOUYYZM;
74412759471;FKXAUFYNFI;LJKFUFPFAO;
82381436075;GEUZELFTGX;BUDJJGHEWE;
71135791868;ZPODOWOFTB;HNKLKZPLBY;
4606539896;NESCGUJUIO;EZAULOWINI;
73970303492;MNOGNSOYGZ;IPNXFUMUIX;
77822653544;HTAMDHAJCE;NCTYEYCRRZ;
75202545802;UHJJUNAMUU;MINPXSRHFD;
89891338006;OJSLSJXXTF;FOPKGAXCJU;
89591625461;YFNHAKMURG;OYKKFSEEFH;
41630833566;IIIXBBPCGG;TDEGHEKTHK;
73252394188;XHLZMWMKLM;OUOECKUIBH;
75953956304;NPXLREGYHL;ZAMLYENFIG;
78141909883;PABYBNOTJG;GFTKHZIDSN;
28746943372;JCDOIMUYLJ;LOXRKCMBTJ;
10485312000;GDPLDTDZAK;KLLAZGTIPY;
57405380435;ITDFAPGRJZ;RRNWMJEYLN;
67586594440;SLBJCGOSCJ;SWUWEJFDGY;
27582179071;TIZZTYMOPN;IEZNIDCRYE;
16731152317;LCODRSTNDY;PWKAANPHHH;
29563898076;WBKCRHBAHX;PSNKCXGBKT;
17818602729;GRBYBWNSTC;EEFXOHRFKG;
61221919248;MLMCJOZXFZ;OWKTHRUBSK;
11124034570;ESRJDHJKOB;DUZZBKAPZF;
80501405015;BRZWWOPWME;YBWWRGWCGA;
28854926560;YKFEGUAMKK;RBZGFYGMHW;
32479548654;UUHXOSJYCJ;NPBLKPIRJE;
36767958155;LUXPEIWIFP;CXSINSCUHA;
18441064481;TKYAMKGRFA;NOCHHBCGXL;
53554262806;ZKLMUGFWAL;BRZMZCKAGZ;
79246239852;SLYBGJAOXG;GSELOCOMER;
88594176922;TAMKSZAGRN;MWDWWGKIJR;
27631072737;WAHEESZEAZ;OZWOCXWCAK;
34388978346;EAPLGEMIYI;XXFZUUXTUM;
22644465326;OXBTGMXSAY;WUXTSNCRFR;
40554252845;NYDKDYTDGL;HDODFSUWSL;
17461677014;MAZHYLAZBZ;AWAIBOOJII;
63573886560;ELNHJAOEOS;IOFSGSOYOC;
90379771963;CZABXXTNOW;DEPBYLRRSF;
92533493852;RHZMBCKCBD;XLTJPNRSHH;
52188642694;DSXXRKLTBL;BCMNJAKEXH;
46010891609;RNXTSNCWOF;CZNCUAZUCL;
61044755876;JHYWESNKON;WOPHMKNDDI;
51548507042;PLNLBZCDOF;HRJZCNXCSH;
27511880959;RNTEMCNJEF;HDDZSUWDIU;
47203698344;OCSHGDBGPB;ARPOPYXRCY;
48759955831;MACEBKHTDM;BHHXUSLFCP;
78062327775;FOLIRRYLZI;ZAKTELKTAW;
18021763352;HKWJDALKPL;RMJWRTMSPT;
39055715548;UCEZJJYAEN;NHLIYKGXDY;
60709980589;CKCLOSDGWB;OIJOIBNTPL;
43216848093;OUJEAOEBOM;XGRYUWNJNC;
7217923335;RLIMGCJNTO;KBZUUFUYPE;
5682051566;LDZRRHUJBX;PSDZJYYCXI;
81262186699;CJARPTJGGN;SLWXPKRLOZ;
25332162220;WALOULGBJR;HGRSADOGRM;
87619468757;NOIZEPTSXR;FKDSZIOGCA;
2491854785;IPRXNOTGKB;LUKTGDPOBE;
4047731211;OJUZITDUWY;CRELATTJTK;
42942112972;DGXXLANIBL;OFUFBTMKSX;
7243588747;YKYSDFZIOI;HOCZHJIDMG;
24998574414;FJRIDXWXZZ;OIFUMNETDF;
4595358379;KWOSASAZDP;HZPRLESYNR;
77764460610;CZRYRWMFAO;RLCKNYPRHS;
68959319316;WADPGTFRDT;YTKTOLFJWP;
8797320973;XASFZWSXZJ;JCDCSTHFCL;
43157886775;CEYYFEWYWH;AONPMOLSJC;
91079090172;KSRNOZXXWT;AYNIWRNDFZ;
94074690570;PPRRBFMBTS;EUYBDBAFTP;
17947363052;ZZMUHSUBBX;XUXZBWBOTB;
47548610882;KNDWATOEZS;FKMUFIHXSU;
18332884960;SYUTZJADXN;FFOIDITLAJ;
79105462337;XJBPZEMIJK;SRGHKRFNBG;
43554099026;KGHOBCHEAR;ADMAGHYYMI;
1078102813;UBPDCGNXXG;CBFPIRLLAR;
69685285601;OCXZLMEIMO;BMDZIPONBW;
9942146041;OWLGDECWNZ;LMRYXRZSLD;
38940985978;NUXREAGADG;BKESDAUHGI;
77317298958;ILWRCJUNFJ;BORAFWEDFY;
81512972792;ITKGKNBKTC;CSHZIIFWGK;
45493124347;DKIWIITLJW;PYGRSUJFJI;
21964502594;LYSTDPRTKD;XUDDJUJFRU;
57477319310;MIOGYOPYRC;XHMPJJUSCG;
89434094034;YWPEOEXBGP;TJODEGRNSD;
455352393;AJCMRTNBDO;DDMRKUCFPE;
54044483116;DSGHNIBFWC;OESBNESECK;
72833662552;WDAJDOCFWZ;MZTEKZWBGW;
46090621001;XTXKNSFOZW;IGMKZCKRGC;
72627504010;UODAMRDUET;YDDDSRCDKR;
6725544875;MRWSNBKYWD;AKGKYWLCNK;
61214059484;AKXGRXXDWO;EEEZPFWFKX;
22407150824;OWYZWZSAJH;ESJGIFJTRZ;
32821886764;AYADRMEESM;MIOGCHGSTH;
54868745500;JZLRCIXWGH;MXCDBYAYZM;
8203617158;GZSKHGSHMZ;KHPJMFSWOO;
87380526044;EWBWKPIZBL;HEFSIJZMLS;
30898862643;TUYEDJCFHO;FUMLXPLUWU;
68262956867;HADODIRSCN;YHGXTMTFSN;
74646702812;BJIUTPYBRD;BJHCPDYZNF;
25514822464;GNKROPHEAS;IBGPKYOYLS;
98569840806;ALXICTBCTW;SUFGFCHMLX;
71264496680;YDUGORROOL;ARSRTNDHIO;
31608334220;LYXDLENNUI;YJMLALGZPI;
15819072876;LGNZJTHNDB;IOUNAZKEKS;
4415327394;NULIOHHBAY;GIJOFZAETT;
48634616131;PKFLTOGMUO;WTDWNZRLMP;
17067156185;HIEIARXYHG;ECEAERTBRF;
1740045349;TRMXTOOKWK;FIDBHOOBKF;
95171052326;SIUHDWIYTN;FYRGBEKSGK;
21419591458;YTHALEXLNK;YGDNEPYFGH;
15706772392;LICSPUFPPG;IHBJCSKMBK;
32974698223;GWBFORKDSA;PKLABLKHOU;
49093830057;SKFWXZOFSZ;BWOIRDPCKX;
79677937316;EEOZFECSOY;UCEHIOXEXU;
38531281712;GULKCOFIMK;NYCUJFDXJH;
67056002888;AIFKBKHHZM;PPAJBCBYDJ;
82369173031;DRFNNLSIRB;DBHBJJNXML;
13446130386;NIWGXCKZYS;LCJJTEEIYK;
25023109337;EBRCNSPWID;UIKZTDTIIM;
18910203012;XLDRMYIYSB;LDHCBZNGKL;
18874060637;OHNAJNXXYP;YRZGZAZWAG;
9794088035;ZFJATLXUCS;MKOHLXDYTO;
58493867304;MTGMIIBBNG;IPCXPBLFHT;
83673546979;EBZTADEOEP;WSNMTBPYJH;
44097941468;YNYDZPPUNY;WCNFOLAPFJ;
98161119588;FNPRFRHESU;KUAAISJUDJ;
4036160312;AWFDRPGBLB;GINONFSMRX;
37403295437;EDJAOGTMZP;KGZEFIRDUE;
10089657041;GFFNKRJESJ;LHZYTLMYGH;
48668962651;ECYTPRKCTZ;TYGTWTZPBG;
66871900760;JCNLPEFHEN;IRNGFREYTO;
41076595685;FSKAGWEFFH;YPMMDYRMOT;
54604754181;TXZHBRAUPB;ILNJMECLBT;
87216583980;JXROLHXELW;JKGBIORRSZ;
44325968319;SHLRRDUNTM;UKELJHJNTN;
7898226042;PKDXIFJDKJ;ZBWZGOCLFS;
75285347572;CSZEKKATZF;PYMYTBAYTG;
90983994555;BTJWWDUXMW;RNTAWDPFXM;
93934507323;ZUIESESHTR;JCMMZLFIYC;
85140584727;DHRNEDAAPH;MZBWUXXYYM;
71795362947;KGMRFUNIMG;ALZNJAXHJP;
77773869176;SPGAPLSLUJ;UZXPJOULKO;
33303349959;JIACHLYBYF;PXRAWCITNZ;
53728893374;XDHAGZOAKK;JSIELZDCLP;
17997912854;WJXIGEIIJL;XPFSXIJWOG;
55390326363;IFLCGSLKBX;GDBSRRNNLF;
66005304802;ONESAKNFRG;BDRFCFJJRT;
16999186156;FSDJCKOAWY;IBGAKLTFFP;
51957683007;MWWSJUONTS;ANESFBCFKT;
60859482196;FUJELJDRLH;SUEIEDROWX;
14905381813;CIYANNCDMZ;ZRJGMYWKAZ;
46093566131;DYULNUKHZZ;LTEJEUNECB;
92953210810;YFUMAUCNOY;CUJLPTHWWA;
10972157470;XLMPTYFXOI;MWSURMBHXJ;
32226265905;LSEUKAAKTC;BMNREAKYAU;
959439564;WTAOXTNOFX;DSDHOCSLSN;
59558217242;YRMJPIYCWF;EHIBTEHILN;
73299770101;AXRIMCLSUS;BIMHRIYJFK;
84461478333;DHHKCIOXKU;RXYXWJXCAN;
98790013862;KOFDAMBBZZ;BYUWNSPLLZ;
47363341566;MDZNEUEOLA;ZERIFIWTOS;
16180494218;PHDPIBSBDN;DTXXSWNLBE;
20669688814;ZOOABKAIBH;HYEMDUSHEU;
38568554814;OJFXOEACJJ;SWNLBAHKJE;
84090847179;LPHCYHAKUL;MXXTNIIICI;
48967773521;CFBHOJSSJZ;LAFITPGTIZ;
93109614136;BERPCOJLXN;TSDDGJUMOS;
79568784712;DJEXOWLGGC;FZLFNRAGFF;
55825032342;MUBHEHRGXR;IWCWJMGEUH;
9392579617;AIYAIKKUKA;IDDMEOODJG;
41955716924;ELNMZEYRIY;LGGYDMDJPW;
86161335423;TRKAUIPTBS;TNLDGMECBJ;
14573989718;MGDEJRXRCP;PELFGWDGFG;
31870455902;CYPHBJPDLG;FRTNWFHLST;
12137224342;WBZAKUOLCB;PXDFKIXFEC;
20614133578;LXXBGHYLLJ;ILSZTKZJXB;
43281719232;ZTNKZOPEIX;FBRKLLOODL;
314334909;FODOHMZSMF;WKCUWFLTYM;
5072351829;KFZKAWZPUO;UXFKXDYONI;
17719987255;ZLLDPHJHEY;MZBMWUOIEA;
47798611210;DGTCACPYXZ;DWPLSCDBYA;
25897855904;KXWCEYKAIG;WOSPJHKDBW;
64196836964;EBYEIHOARO;OIGZXCIPBN;
20164144620;GSHEKTZTAH;LXRNOOWBWX;
80614955292;NLTEDXTODY;TPSMCZFSJT;
16439930861;GFBWKNHCZF;REDRSKRSMR;
13293982828;SWOSIPNXGS;TSTWNCZDAF;
16231590772;LBCOEEYXLZ;WJZKIATJRW;
47584528477;ZKLDIWFLXM;NGJZMDSLYI;
97161634635;PJDCCZJWHD;YTSZNAFKDW;
74986834327;IMNWRBHCGP;BSYOXPNHRT;
46853465277;DUOBTCLJNL;IMGYNFIGRS;
61606052885;RXHZWILFHX;BOKRKRGFBZ;
52371180935;KTFMKCKTNY;MZJBRCUTZG;
79886620052;XSREKGJGOD;ZZDWDIJMNM;
46528735554;YCJLTOAWXE;JKNIGXXYZW;
53054781027;YTKXBODCRC;IEBFFTHSBE;
41840452042;NIWKOMLDPK;EGXICIJCUC;
43262557834;SISCGSSJDU;WEFAPYKYEP;
20116075297;JBJLREYFLR;CKZTRWAXBY;
37831070408;DGLATZCFIA;MXPPUXXPPL;
64509507893;AUNBREMCGB;OZOMRHXUNM;
72172728808;BMGPZXNDCB;EOZJWPSKXT;
95240806641;HLPAUYSDRX;PFKXFFOLZG;
35357603676;JCSNSFAODG;CKNCMSBBNH;
28162560680;UAALLDOGIU;PWWCYDYBNT;
84486522859;OXNDJZNESB;FWNJYXIPWK;
23789512129;GKYRNZEMZB;ONTJFRTPZG;
38867349648;IOEWDUIMJI;OOLURDRNYD;
70763832831;SHFDRORUYU;BPUEBMJNNL;
53913735605;EGGCKWLWRC;ZJZJPXWPMA;
15301667890;NIZCSIEPRH;ZOKJREEYEO;
68553984530;MPKHHWXRZO;PAAPDBZJMT;
65664910754;FMHDYUMEDA;GJCWREJUXB;
86440008809;YTBPCGPPGU;ZKDAFNTSLT;
21228969240;BDBGGITCOH;ABYMIWOFFF;
87299092287;WLEWYRZAXZ;KGIBZDFFHE;
32044345782;HWLZPWZDCD;FAZMWIDRUB;
91887511732;GUWJGGDGYL;YKEPGGFIYA;
24526649774;UNLBZOHTJI;CCUHRGXFJZ;
8646704942;YEOHBKAIOZ;UFAIBEFSEC;
17267566961;YHWCBXPBGG;RLOGYNZAJD;
48940317002;BTICEUGHGI;IKCOGMEOXZ;
99354775106;JHEUJXZOUF;RIKGZWYWLT;
9933757518;SOMHZOULJK;HOKSPOOTEP;
51171964490;IXTERWXCSD;WGPSIIXBDN;
23922396592;GOUKHIHFDF;PYKZDBMDIL;
6409892439;ALAIXCAJNI;TGOCHHSEHP;
26595294575;AMFWRBSRFJ;OUKAZFUHJL;
56941612458;TFSLONMPDN;HYJCANGWTI;
88723305501;YBTDXESJDW;UNSLUTFXXG;
22912195061;FCCTEKBCYF;PRKLZGRIXB;
39059903600;LTPBAPIGCE;ONGYDCDUKT;
82438741450;BIWFKIGBIM;PBGRWNPKHI;
50274560247;LRLOPEMDIG;NTCOLHZPWS;
95541289668;IAOLWGTLLP;TUZOOOYTJF;
32397109092;YJKDAGZIBX;HNLCZAPPWU;
51536536496;LTWMRKIKMB;MPGLXMOKTH;
94766902512;NJOBJOSGNT;PIUWJHJSPR;
65126696382;UNUDIZPAPJ;NWUBIODHBC;
31390880610;DNKPENRSJD;GSFAGUWFKM;
785027770;KINCCYFZRB;MRMAKDPBRX;
30039892721;KRPFUTCJPI;YTKTNRBNYX;
35109372115;YGEUSMEYTU;NWHCGZXOEI;
78579996625;CFDFEWTULM;PELRYMKGAX;
41866531589;WNUXJOUDGD;FCIEEIIWSK;
18216341950;WKEUMRRAWG;ILTKOPOXOJ;
93754693795;IPWTUUEMEW;WWHDPRHXZC;
67905373175;RCJDELHGFP;WRNLKCAPEG;
23734114862;ANPNWNANYN;PCELRGSUTM;
63964051461;FWPOMCKZUD;AOWCUZNTTE;
54199493121;YZKDTDXAMX;ABZMZXKYFR;
49130065122;HIJSZKWGYT;ULBJFYZJLG;
18272587181;WTEPMIYGJS;ZTOWZJCUGJ;
21236612416;DBDWBGLBYN;IPGCBBUXPK;
86685897341;OLHBMFKZDW;HCBFRXZNAZ;
34212318136;YYZOOKKJLH;RFRPAJHENR;
58170496952;HITUSUHTXL;JCGRJEZWUG;
30518355840;NWSOTCCHFH;NOACBNBYDW;
29490209097;YXBXMIPBBY;KWNWUZTJDD;
21516390125;OXUWECXUYU;SEPZAXZULE;
19785127889;RYSJILEZHL;RTHMIURIXY;
24248523209;GAYIILKMZO;HDPNNSBBKP;
65698047815;JNFJSCIPTR;FBTXCXYJEG;
99047887618;DBKPFYJKJE;GSNEJLNHJS;
7838154645;DEAIFNNICD;YPOEUNCOZA;
73499635795;EJRYMFYDPM;EJEKDFKYTF;
21123188644;OWUMZUWZNS;BUMHGIETTG;
95291409266;PXNKNZNNZF;TDWWIENPLT;
20922807217;LDTXPITKAL;AFROFTYEEB;
81920487031;RTPFZCNOUD;UMBESBGCXT;
335886512;KRYHEWWZFC;NXGXPTHKMG;
26916853984;XASWRWDCTU;LNUGYUNMKT;
62356633613;ZYFFYSBPFJ;PPZBPXCBOL;
11356420185;BRZACGCBSZ;PERDUGHGAR;
48214029683;TFKBXCHSGZ;HTPDYCFESF;
16344380047;PXTZFKOITF;UAJKSHXZNG;
52830453815;KYKCNBCXYD;KPJWSPDJII;
86588184022;XKEKMZRMYT;WPOHIJCJMK;
25827131299;BRBTWBKJIC;UKFOZCXJLI;
37094198817;GNZXGKUOXY;SXARPOJORG;
98985947332;SFPYZKDKBE;KLDCPBFHOC;
45694283594;IGHKCTTIWK;POHRRZNHGZ;
65223545718;PZORTCFHOC;PFAZNBMPJD;
93403911041;GYXASMABDN;HRZJUKFULW;
73517798093;CTZEZDONFK;UHRZPXTJOS;
23985088836;JILPDLDEMC;SXTZZDIRUD;
99988736771;LKLEXHBPWF;KOWYXAKKMG;
10772782841;SBFXOFIMJC;WHAXFPOGSY;
1950988459;BTJEAGYLDU;SEZZMSXBSD;
15669090579;KCOXETLZEG;LXJXTJMALR;
3833501845;FGZGDEDYJF;JBFYKPTEMN;
60589340569;WIHKIAPSMD;UXLWDCYSSA;
49197803665;OTGIFWTLCJ;AFLXNOFYFU;
34894148386;POOTISNCED;CXYWFTSTBY;
5916777560;IEORBGOGDW;SLIRBHNDXX;
69996245247;EBSJBUHGGI;OMWCNCYKNK;
4932504313;IDDNTJRLNM;XLCOJZCTRB;
66871287077;LIOITDTJMN;HZMNPHCRSB;
16744786671;TKXRGGYAAT;XMNFBRKBIX;
89960529677;TRSBHOTSAL;WJPPGODBFX;
89644405287;CLLDYEDIYD;RZFPMSZGMR;
30359989397;TFFAODOSTC;CNROWINYSW;
49127058738;OUTZTTTUHF;EBTKZHEFCG;
28892915499;NNESNODURT;OGRJWSPSKS;
11847626530;IZOBKPMTEB;WRKBRZHEHW;
84252836035;LHMPPGNIYB;OHCSXNJMHM;
56895566397;JXUPCIDIMJ;IXAIKTFMMO;
10077652384;WPZPJLIHPZ;MGPGEOWZMG;
64031913368;OMKGTRDHAL;NGLJFNTDSD;
94387791081;FMJCBSDKEB;XKPCLNUKCR;
41491411981;ONAWUONIWO;IIOHJGPGDA;
46715964775;NJTBWANKFM;BBJAFJJPYB;
10290890873;ZRJEYAEATG;MHKINPPERT;
26448106866;FJIUEHXAJG;PNHMIWLRCT;
45683785696;KLFTLCJNUO;OARNYUGNFS;
43626386754;NGHNCZDJYL;NSSDBWRZJM;
11823283614;URZDGATDAE;PWDGUEIBFB;
69378452080;IOFXMUNISI;KPGNYRWLKE;
3776224316;NPLWXGKNOH;SFTWCBUXNI;
40632178940;YMXLBTHXMG;KDRWLXNZGO;
57443422916;ZBFUDNLLOO;CURZMBMOHT;
25544531876;GOSIOKICZK;YBYKMSCSTJ;
53041837242;THGWTOKAHO;LMEDHJSFJZ;
44129561444;TNWSKGSDCG;EEWAJHZGDS;
44214253162;JBRCHKTYPB;EWJWMDECJW;
65542406124;DNBFMXIZIO;IIKDYMYSAW;
82793413514;PESYIFDMMP;EAZDILKNXL;
2356572464;JAEWIEOAJX;OUONAXNMNP;
59983837723;RPBFITIXRN;SREBLPMSGJ;
53796711370;BCDMRTNTNL;OBOAUDKCAK;
18131920363;WLYFBIURTD;STUBMDAUAO;
49339847096;DNTHCSNYFW;GTYLPTWRWK;
68264503741;DCNROFYMFP;TSCFLFCTIN;
19125358247;ULPHCNRDIM;PWNKGEWWCU;
54128051987;NHOJHJPZMH;JCKXEDPIYE;
9459072664;MRNNULJWIJ;SKRPXCULZH;
11955787211;HWUMNWCSPZ;EFOSJOHXWJ;
24236652994;NNOJFIBJNO;IAXZJKMYZC;
67687382831;AGYPBXHPSO;NIHFHDRZFO;
69849251354;KIPNUMDPPK;EEABYRRXIZ;
53069342273;MXCMBSPEST;CDKYAYGXTA;
69906570161;CMSBCUXTWM;SRLFAMMXYW;
11565755453;NEKZGZMHJD;KWPKWUGUOM;
40606587195;GYFRPCHOOE;YKXXPWHIJZ;
11342920048;ZOEBUHKBFY;ACYCGIWBCZ;
88069291044;HRGTICCABM;LBLNBYNGKO;
30650486660;XKHSCHFTJF;JWUCMORBZI;
12064817776;FXRMCZFTLE;YBBKCJZNBK;
76008509204;OMUURGKOZF;NBFMTCLBZP;
75611076517;JGZIEBSAWW;WLIUEWAUEL;
36623440790;JXYKSORYOH;NHUHZOBRAX;
4634872118;DKFZUBJXBK;SZLERIERJP;
12365294704;NKNTBYZNIU;JXIIBUOPFG;
35558243045;GYDGCGNSAG;BZCFPCKYAI;
23877042863;FDBTLHOOFM;BGHTMHDKLP;
18187243910;TMXIAFIYOA;WLBDUBNLGL;
16509080974;LNPNWNSLCK;BDFOGXIWGU;
2772654281;MHJGXRUWJF;UORYUDIYEZ;
9651323594;PNYAJNFTBM;TDRCAXKKZU;
40517784201;XUFAMSJOWD;KDBFBMRTZD;
3383419943;YBIUHGNOIP;ZOXSCOTLTT;
45043392844;NMJFPDCDSD;BRABWWECOS;
23264184108;FMSCUHRWCB;OXJNITJFPE;
64190660495;XUYNGZEXNH;GPDEXARKDW;
93935710854;ARMUUCPBOM;OSLAZMGKIX;
80204587286;LJRAMAPFRN;NIHMJUEJPC;
57756266258;DIEWSXLNNF;DKGZACHBYD;
61745192410;IIWYRPHPTI;KRAJLUONYC;
44816802520;GETGZGXTRE;DUBARDJDSR;
2715647041;ERAXNZSAMA;NRCCYBXPTR;
69270150493;EFJBJMMAMX;INCKSLBRHK;
65448849566;GOHUJTDGFS;ISCTEUFBAB;
15143566081;GFTSDRFGKH;STRYPJDUCH;
53662262059;WUFFCHDGJW;UOCCODWOYJ;
57108989528;DARLEEIYIW;LMPKHMOLUG;
32359552355;DJKZELIUON;THXBUWLHXH;
33529246684;SUKGHXHSFD;PGNEHMYGWS;
68301048485;URTBIHSDLX;GGGFPHOIZL;
60469397993;IIDWBWRJWA;TMUNUYWGAX;
93971598488;XCJBMOHOMP;XTISRKXTOD;
11058085557;NCXSIKFYWU;GZMGUAKYCU;
38094033715;WNRALMMNZM;RIEKDNCMXE;
82178322327;OWMTMMDKEW;GFXEXJGONT;
70336044536;SFKBEAMPAY;BRTJNOBUGW;
90826348555;ZEACJFWGFZ;XIAUPXHBHO;
99044532775;EBORUNCRLA;WFOGOWHYJX;
77786046924;KZONETBBOX;WTWODSDULA;
63819974222;KSUHSJNWXB;ALNERCWWED;
42847683674;WGLKAAXKXG;ICOBFAOPTR;
15331396712;XXOKECYZRN;YDRKZWRYUM;
94288468392;UTUNRXLYNB;USWMRGZAKA;
2105311431;XRKBBZHXNW;KUEHKWPAOB;
90136584484;SUXODGJIPF;PPSIDCLJEZ;
70798009907;NOTXYNTHUE;HCGKWARCHH;
419902662;CDKSPYFPGD;BFJISRZCRT;
29082851516;LYYOLKKFDB;OCUZHKTOIB;
6356080414;HLKCDYTNPM;ZFAGENPUTG;
67190634773;IJWYIHATRK;MMARXNOPOL;
34569576769;LCDTNAFXWP;CFRZJJXEEL;
69099154298;LTRAMPSAXD;SNEULUAYKN;
27284252556;FZORYHPXHH;OISEDLBLRG;
54240304443;BWSGZNUPNP;ELRWCIOAWE;
70630644777;AJIBTUPRUC;FNYIDDNHSM;
9589548610;WGRLSOIIAB;UXPYMKHCTJ;
61973344318;JHFZGNWYRS;MCMKWSIPBR;
73736013509;RRXLGUAZJL;ASTTEKZXBA;
20618555685;RYTCCNGRKR;IREKEKKPCN;
25903503910;BTPEZKNOSL;AOXPMEWJBC;
39877227790;BTLELDJLKY;MJFXTHYFDB;
54895277525;XUOWEOSXBZ;CDEUOGEOTB;
50928154204;OMIPXBEINL;KIMGAZGNPT;
44048391340;NSDOTEEFMO;AJZFITZADX;
57328436442;EGUTPXTMBZ;DHYDJWMFZX;
25851590918;PGZILFJPTE;NITDDAXOJO;
8887622749;YPABZHGBTF;CLSLRCEXDL;
25353329354;FITGPKYSXG;GAJBSEGBPZ;
92933938876;RHRIPUAING;ODZMFFWSHR;
60012246249;OSIJGYHOGE;BWYRBYBOGB;
29029535659;WFFPXXFMYC;DJJBILTKMB;
8941607187;DGWTFSKBWE;NRFDCNHMDO;
62024060171;AZRTLIASJJ;CIGKTNPWDR;
40652454640;ZMAHUFFJAE;UFECISSZEN;
23677390496;KJNAOBEYSH;WKTCTKFYHH;
44358663710;EYXEOABNNH;FEEIUGUFZB;
6803540084;DCEYDFFPYH;ZLIUFEZGBG;
19325350420;EYTGIMXUJC;ENTGEWLGSE;
81109393304;TDYFFDKITK;WISPEAMABJ;
25756160735;GNFHZKPXJD;YELBKBOSFT;
11871293025;FJKXGCHSRR;BHPNJWAGBF;
4468856747;FTYUBWAJCA;IEZBYTKACD;
35197479962;UZONWPJREZ;IYPYBNREIN;
62534677160;OLXAOFSWBB;FJUZOZCOEW;
62316710993;AORBWUONOJ;WZRXUWHAMZ;
1646009375;ECXPLGUJUS;SBRWFWCCNF;
5387239198;WXNDYKFNGD;PMCLBACWBE;
51177608299;ZABCKAOUAK;FKIMRAWBCL;
72425493240;BGXSSDBCWT;OKDFJDZXHD;
60885525263;YYDNHUTYEY;NJZRZFDEZE;
72955273848;OTNMMGFEBO;NILWXRTSPG;
73022905988;GKGONZSYLH;JNLWYPWZBI;
26679314469;EDJDEGTHXF;CSXBTOCXRU;
84166596274;LWHJXXWAKN;PPSTZDPBWM;
39315782004;GSHNPBUZFF;HIAWXLHWAI;
20868916731;ISYBNLPNND;ZZLOBUUPWK;
72688120449;EOAONHOFUN;RNEYWYWOZB;
30425840540;HUIIKKCHGJ;NLGJWJOGNT;
49415913280;DKYXRBTXZH;CUAUTAMFXM;
55952382250;FFYPUNIOHE;CUKSBCJBPF;
44385012655;MCDWHTHECT;KWLBASLWDT;
36623087814;GTXMTYFBSH;PFDDMUTJAG;
41246143574;YIBUBOGMRC;APNKDIEJSZ;
5977868903;BOGXTKCXJR;KXBZJGTOAM;
52399017240;LWDKUNTHPH;JWSJLBYCMW;
15235228218;WZZKLLAJGN;DAZOYYBHLW;
81503168458;ZLHCNZGRLI;SKPFCTNMPY;
29907003566;LRBTKXLELA;KWGSXZWJRD;
35317389100;YLXJHAEEOC;WNYENAJAHA;
70615236316;KCWHUYBBNT;TEYDHFSYNX;
82031339346;PSYTJHZLIA;HHLLWPPBEX;
29405443718;XUYJCIPJXX;CRPWASGXHL;
30772614158;WWUWKIKEZO;ZKMRWXAIYU;
61426168703;KZXAUXZKWP;REIEFLLBBZ;
78203730790;ZXDBDUHGJI;IGFTDWCOMT;
26865995627;YCEDHFATLA;ITUKOYDDMI;
70417750888;YFHYZCPBKH;NKOCNGWICG;
63806666083;RXNSIUFNWH;HLSKBWBFLD;
56018625718;NEBGJBZTMD;LMMMXFOZGE;
19763831877;TFRCAJDGBH;TCOAUXUGTJ;
98239185363;KHPCFMMHEZ;IAUPMGWJDZ;
10179829894;PEUNUHSTWH;HWELEEAYYM;
70032920593;XDEDUGGTXB;HNDUTENMJL;
17439199546;HMJHSRJHPI;FOLCONTPTP;
84567367364;WEEGUTRPHK;CEAIOZBKST;
58321128054;CKSNEIHAJL;CEMKZCRFIY;
31852639448;CBODHIFGRW;ZNPERHKGZI;
40937858640;KZDZUBDRBA;XEFIAJPBCR;
9233864758;AGJBYDTFLJ;PWMAGAGSHO;
21477944956;WFTRWJKOPI;LTHJOSIGBH;
51343276575;NUDEAEFRHH;RJBGAZYEMM;
6481673230;YRMJPJLRPW;HCOBPPHCYP;
77903621412;OXBXJTISCY;JPKHJUKMPR;
17398989654;ILHMILNRNX;OJSEXDHXCR;
59655495149;ADDYCEWAEY;UAUXDSWXRO;
7528246999;SUYHBDKBDO;RJUWMHFIEI;
92765984574;MPLHKPGWRM;UCXYERKLIX;
25454203734;CLPBTOGACG;LPHPPYFHGE;
97951551533;TDOMSWJNPK;ZIJMRBTAUT;
77542130602;GNJSPGHRUY;FZSAHBRYLC;
25466512259;MMYLDOZWYP;EPEENJTPWJ;
3622861212;YAZBKGSICG;DDRHJXJTRH;
89907892372;JAAAJWFHUJ;ZUDKXGFHAX;
87667975951;LTKGTTRTBK;OAHXKWCKDS;
60230887540;WEIZYCUJAY;NRZXMWJJBB;
61235031960;YYLBLYEDBN;JAZAEHFXAL;
98160121000;OPXFUNWIMK;WTGJOMPKYP;
12911624161;GDISSAGAKD;OIUNGIPDLN;
85318906636;SHOJBNNUOJ;ZBFUKUDLPP;
11378534474;TGOYEIRFDW;MFGOTSXSAW;
35947126805;FBBLNLGHSH;LDYNNHETCY;
83004829165;XNLZJTZUFZ;TUSGHCMYWE;
67993311807;EEGLMWNMHT;TTZTPINTDU;
5828244970;NKTTOWDNNN;DGIFOTRNUP;
40692479984;OGXTRNNJOM;RIHPGAGPKB;
73062280260;MCDCUDEETA;TFWAYBDFIY;
52602950115;DADAWCDFWJ;CLEEBJTPDG;
35900192075;UYMPFOIIUU;HGACHBHDWN;
99331186205;WELFGFAAGU;LOELBTISUG;
22988866728;FCGLXOOCHX;OABZHPXJRY;
44782711768;RXOAAHWZLJ;KHKEFIXWSG;
3117565767;UTGYTKNYOS;TYWWFRTCSI;
66986657326;AJPUCPXSXZ;FRBWMILATS;
7425405952;JBMPRCCZFW;XGKPRYDHFE;
64604202018;LDGDUIZYIY;YNNHAHIPZA;
81430915875;PEJOAPOEJY;BXHTLGMUTL;
92433148924;HYGNIWECEJ;UXXDPBKZWS;
78385290923;XFBMBOEJAU;LWWBCWPSRD;
31012386533;FCWORNALDC;HSDZPUHNDB;
90420225022;SSIJGLZHNW;XLYYDSXMUR;
92459637135;KGNZMMWWAH;ZZECIZXGSE;
40248344683;HOKWDJKAEH;BHMHBMSMZX;
82662076863;EPBCAOMAUR;EKWIBWBRUS;
17142223727;GSWHMUUPNA;ZYAIECPSUL;
81079819783;KBCXYDGJNL;JFBTYIZMGH;
83055327431;CNCJPHCUXN;ENFGCNLWIM;
17613076345;FIODAYSHRP;XJOZKYTTJR;
5241714398;NXMZMOJXSZ;ESBADOOSNE;
57528687171;HRJSKWEFOX;BFWERUNUWS;
51071212203;GHYGSPTZXB;IJDUUBPJZF;
2448219993;OBHRPGPJTD;PUUANKFDKC;
51034480473;GFRMFHDBXT;TMZDCIMCSR;
66096086298;ZMZTZKDGLL;NIOHTWYOPB;
86902179178;LOKBMISKKC;ERWFGZLZFF;
71156617192;BGAPORKUNB;SYFFTLLZOH;
52287935021;COCSGRAJAS;ZZLHMWUKWS;
24810600554;DFMBJLIBYF;DLOALBUYRM;
68338300919;HKKEKPSLMH;AWPOWSXXIP;
82882695904;HSREYDBWHG;KJXKCDGTEX;
66167085329;BJFWLPMTHO;GLFFKSISEL;
5912895149;MHLJYGIMFU;RMUARYSOAX;
18585959681;OHKWZHJKHI;DGDFTFAFET;
49975438338;FTBDODYRMG;EDWSYRRSZE;
69467365964;ENRNDOLCRP;ULZWIUKPXK;
66070625472;MGBJPXKGCC;TIOEAWDCCX;
70990641564;WHURCPAHWD;UMSMDCSXBG;
77885635742;FKRPLGZDGH;ZGHSMYSYYE;
18135594533;MLDTBTAOHE;JKWZBWLOYX;
99820155761;SPATGGPFUL;SMSUIHNEFL;
31201443103;SKFMMERWMZ;RIKSWYESHI;
34026414845;UZWJYOFFPG;WPOUONTPZP;
62093937604;CULPRLRRYF;ESHEXTOFOD;
6168211835;MDFBXCCHDB;AHHHBGTUNG;
86578468494;DZMLBCGWWE;LOBEHKWSOT;
71236352246;CJSJJPRNLA;LXFLYXAPRX;
1983379667;NLDDUHEWYD;KCUUAWKEBX;
95256515402;ELEGIFGTNC;CYIUZHDLBR;
94104791015;NZCWOOOCWD;EMIHHSFDUB;
94956672294;IFBIURGMKT;MRJOENMJRY;
28107838897;FITKMEFKTM;HYMUCUJCHY;
78338347958;RRKTJPWMCS;MGMFSNZDGH;
59017536322;URSZFJSETC;JBNKKNIEAN;
91829346200;SDDTXGFNJL;TPRFPBNEDB;
18034056215;DAZBOGJHHN;DTRFBXPNDN;
77921049244;DOYWWGAYWM;DZNWDKDKYD;
27124579900;GMAPFDEBZO;FBRNZTOHON;
81770215181;GEYTFLRIEZ;AGAFNIJGJO;
55772222136;GKGKOKDTYK;JMXEYCHPKA;
51744248515;EWCHWUWSWN;GYWPHRWPSL;
95494669572;WOBEFZBPUZ;BHOBUYOBSU;
70332391218;OJIJHOBWBG;DHYWGZPMOI;
97311799074;YZOMSHZLGP;XWUFHHOPGW;
71903064793;BUKUFWRLEF;PUUESMISDN;
89530009464;MYLEAHKBWY;GCFHAXUACH;
92558939125;WYWAJNBSNH;ZTOUYALRLN;
72003648707;KGACSLKWLG;JOAICKEKLR;
90523561113;FOACTKEDBH;KICUSJCTIU;
52605497495;GUAWBHAXZH;EPGPWONUUI;
50774261113;FDGETOENMP;RNWMOIYELX;
89639850484;UXOPEAKRRI;PUTTMXUDYX;
48319008534;FLFXDSROAJ;TJDAOTFJDO;
54095505231;YZCMKNLLYA;LBUSIDSGEK;
44049231509;FHDUTFKWRU;RZNKBUIUIP;
33749369999;OIUZNIHNFU;UGPAHIYEUM;
459666557;HCOXYBARNI;WZWYBDDSZM;
26156046362;NRTPHNLNIZ;PNFRHGYUWL;
21600671902;IAAURTYEXJ;IAIWLNUUJZ;
30881521588;FACLZARDAU;UABABYSRKA;
63805981747;CTKWGKOLAO;WSLROWNPLB;
93598578146;BKOGJFDPGI;GFHGADEJSN;
56308499222;ZKCETFLRKO;ZLGHZJMIGJ;
90207510520;DTIYKPCUJF;NSIGZAMDME;
22221591458;FDNZHRMRCA;IMSGXOITYF;
38781507746;NMOGLDACFN;KKXAWLFNHJ;
36110751600;KEMGAWLGIR;AJPRHGYBXN;
84970432405;IGIPEZIJZA;UMBLAAHHTG;
74051293947;UHTBSNKRMX;GZXRJDCRNW;
92154301422;LERNDEFTMT;OJORRHYRBM;
97766370410;BXCLWYKECO;KNNRRSPRGG;
22251077995;ACFJYUDMDG;GYHBLIGIJC;
96124116554;AAOBUGNSUA;YSZRBFKITF;
27008153316;ARBINFXBBZ;FSMLWABHIG;
32227516354;KBYOEITTEF;WOYDMRNABY;
72126960676;ZTTSFUINRR;RHSKOAUMXG;
64922137234;XMSIWNIOHJ;WEJWZGRHAZ;
26783327064;EBOFUPTDPX;PHWTLKXRBG;
84237915090;XGWNKPXGIR;SUZDWTEZTC;
43794906450;BEBAAKORLC;GTODOSLSRI;
44961192150;ASGFXUUCTF;WOLDARERTL;
45784102855;SUEOJMCYKY;UHIPBMISAZ;
57203797678;EIMOXFCCTL;YGIFJGSYLX;
10751733735;BUMDKPIWRM;UNHCNSNKRN;
29236416999;PAJBNWSTII;YEBTSPADNK;
33920367243;YOGTUXCFTH;ZPHGDYKKAA;
78270215701;JPHIIFLPGK;LEHIXBXTLF;
31789320585;HUBNHIUZXW;PXESMEBJFO;
33366985616;HPXCINYSWU;FUBPUEAGGN;
25344846312;KUYEBCOEUK;LWBNXYATOC;
41658895455;TWJWBXRNNS;XMBGFHHPAE;
35804928355;WRRSMZRBEY;RGYZDSZDLA;
13390791020;EPFTFWBJAA;SBNPTSDKPD;
22735127635;TOMXDGOUJU;DUIULIYPSL;
22572842556;URIGSWRJYC;CRXZWLSYJO;
54856887033;TJOCSUECMU;FGRFSTPUWS;
60199418729;KNJEAPNABE;ZEPPYLZCWA;
68339602950;CPLZBXHOSZ;AMTJHDDTBN;
493765176;MJKDMFEZDM;WOAENJPPZF;
1658506637;EXJSUUUNRT;ADYNIWKSZW;
81731856592;WHYOAHLRFD;KXCMFNXAIW;
38047724673;RSDAACYDJE;RHKKTFXORF;
84428232478;SCIUJKIEXH;NEHAAMYRDI;
93191728611;JTTKZMDUSU;CYZYMGHCKB;
41784640985;JTJHORSDCX;UIJTGHCLLD;
98078497446;FJYOBFYWPI;XSGTKYPWIW;
64354641081;ORJBCDINHJ;HUZGTNMLOB;
76614683106;XWXMICBMSL;YSCFAMFMPW;
2568713853;SLEHWTDUWS;MJZXCEAXWB;
23911157332;TYDUOEJAMA;ZYMJJNGKII;
97094095923;NDKWNISZIS;YGGZXLDCYF;
75804117311;RLBEWHZGMX;SUMBGWJBIW;
53896381215;THNWYLZGLO;XPOPSSJMNN;
17893348850;LFGPCDPXTN;LWUEIGXFIJ;
66985068513;LRYEYEDMRX;OAFTFADYHW;
59116428513;HBLBCKGLGM;BYKJKGZWDM;
41182833098;UKPLLYSEKS;JRJKCFYEXI;
17451753283;KPMSOKXWOZ;KYXYCEDWLH;
96050434668;NSPTEEPZGF;IGYEYXSPMT;
38100480392;CHCOYKGTRJ;WSXKGESAXC;
38959496537;LCKWUMIRRM;AUZATAUMWH;
78099517559;WSDOGXJWJI;JYZJMMFGSZ;
63149161608;EZLWJONECR;HBOAWSRBEN;
96094597318;IIHDYDIHZU;AEZZSIWLIA;
17105208330;FWWOJFTTCK;SNZMIODMXF;
36514758655;DBMICHMHYM;CMBEZFRXRX;
66434066497;SWOETCISKH;UORJSLGYYY;
48938716028;PPGSRXZBMC;UEPBZGLDRB;
22938941646;DXWRWHFGFC;SRZZORTIMS;
4083088589;DEUCOJHXAW;YNIWEDBKBP;
64891806787;HGJCXCJGXP;FMSURXDLZI;
15147022671;LTIDEPSDAN;UUCNFSECGN;
40780456225;ZKRCIWDZYT;PCWIBENBCZ;
84529246680;DFJEXLRRRU;MZWHLJWOTZ;
58880424473;MJZRKUMHCU;UDNNDFAOGD;
79658730423;OYURONYBED;MYGUNBNBOS;
38883066422;WSWXMIKRBK;PFKSYAAUON;
87583685587;RALUKYRCUN;JYFKJXCLCX;
97134133776;UHIJPNTSUB;AGOASDPYUU;
64547330297;KABODONENZ;YJSOYJZFAF;
74881589501;IJPKNOTUEG;GUUZBYBDPE;
42014263197;WPGIWMNRGU;WKKYFIZYIR;
38683323926;NWCBBTWDSD;HYYZSIFSPC;
21640799823;OHWGOOLNKH;JJNNASOPIH;
53454425474;TLUWDMZACZ;FZLGYMXZKC;
55521223409;HTSHXGTYXW;DZPMHEFYAR;
36577368981;UJBLDJDAKD;HRBMAFNXAB;
84255965612;HHXESAPGRG;HFOMDULJCK;
59342937770;EHSMLRJSAL;KCKYWFYPJT;
96393285290;HGBYFPZZZA;XTLAODIFNL;
75874932138;CUUAEEWCCM;NAOFXJKTOG;
25913562963;LEYOSRTUJR;LRKUBMNNCK;
14377482034;HKBLPRXSZG;IHFROPXIHP;
39097296303;AXDIUTKKZC;GFXYUEOGOK;
18635020658;KZMZKMOJJN;CGPTZGDRCA;
20976922011;OLSGDCMBHD;UTWRCFAWPS;
40416085819;MTCARLRJFO;CWYXYTKRAX;
15176980301;UCJIPIMZDZ;UGXMLNWUFA;
65826397265;NWDNXKPXBU;NZPXMGLMNG;
97079842223;OZOLYMOCPR;NKJIJPZDCP;
80715670726;GCLLIKGPAL;JAAOFWWTTI;
27604075146;PTSKXYBIOD;CIMZUIAOZM;
26781197205;THLMOYDADR;HPCMWWMPUP;
8825647573;XFUUGKRBZL;KRTSTCGKCX;
71755967281;OJAGCSGWZC;XZKRKHULPU;
4058414651;DUDPYNTEPG;BDPJAAYAEA;
97668457142;MCZODRHTPM;WHSDCDDWLG;
45981465440;MXODWCBYGY;YEGYPRKHDY;
1172044347;YTNDLPHHGM;XYMBNKHBIZ;
76138399171;DMWFRWHFBH;ZFTBSRZNRB;
56711031762;AYAKTCTPAT;LDNUDOZITO;
41600364664;IXMLWMHWTN;HCMLOOTZHT;
15469102567;LKHYACTEEW;EHBGXDKUOS;
85519279776;LFZLTEFALF;SIWEIAAXHF;
60626719296;OWSIOAWLGM;GEURJWDFZH;
29909727528;ISRMCJIAPM;FDBFXKJKKW;
21189796072;XNLJWPBNMZ;XBSAJUFNOZ;
52280595400;YLECTPLGUH;ITAEXJXHPP;
34527311386;PEBSJPUEOO;IMZZAJPJSN;
7077874225;ZJYZECKCRD;HGONJWEFMA;
12906258089;FWOFYNMXWW;XDLUDAOEGM;
30467737587;KXUXTIIJFR;IWCXKPDLFF;
38772521214;LNAKSLBFPF;FNWOAXBARG;
66253886206;KTJNPIHHYP;ERMZNTJYYH;
77551284612;HJZEGYYAIZ;NZDDFEJNPF;
44771312480;BXGEDUZRXY;NIPPXUWOTP;
3816238217;ALZKKHEXXL;UGEPWTMMSW;
53792016818;CUBIKYBIWP;NDGXCZEUUH;
96823145714;GNZASJTLUB;CCFBSJEMHH;
82252515661;RPDIKDGLUE;XOZFUXIWIY;
