47557124265;OKSEYBTCGE;UZHBCGKJWS;
44333645941;KLZFITPCWF;IWCJUSWBJJ;
55465245172;WJILJEUYUN;IGHTOOPKEL;
23236169976;ESNPCZOKUH;JJIBMITSMG;
79090133561;LKWTCLCSEN;JXJCMHUWNE;
35722856253;OJTEKBOKWJ;OBRYOSZNBS;
32228548846;CMZPYXJBGZ;DDCSIZREPJ;
76177183361;DFHYRZXHDN;FEYAUAXOMZ;
51390727996;HRTBSTGFKW;PWCXUOYPUS;
71298317244;RJHEFKSMBH;TYMTXOTCUE;
81208321135;ZLNJSDYUCT;MDPOJJEFAO;
52735355221;YXENBFMRRE;CBPBFHPECY;
77401857933;BWGTEGUUNW;MGXKKJRULC;
10939452456;BMHXTATZGT;LKPZOXKNPL;
84271234245;YYZRZUYSAD;TZLYTNREWJ;
86116643009;RMMCYROGCE;STUKHBKRON;
94697462359;YUXRNENLRF;ZYGUGGGMWB;
81964614465;YTNDIARGMG;ZBAAEGRCUL;
37560013539;GBUFHGFKHM;NNJTRUWYRO;
16977129413;ZLISOHFEAW;NBZJADLBUJ;
8100825846;DUMRZFLDUO;JHTBGAJDHP;
2918321606;ASNXMPDLCP;PHJWWKOOMK;
10383426256;PMRNALUKTD;JZUEBHCLGJ;
66738820554;IHPYSECHNT;RFCEFXHDSS;
18423833622;OMWRKMTNYE;NDSGNBESZH;
72644720093;JESXXNDYAC;DBHCKWLWBR;
59943062228;RHZZJMSXCI;KEKYEXUHNW;
7198690095;FTULLRSHDX;FXNWNPIGEK;
68251943954;DXRZBSZSFC;XUNNJNWYUM;
10201788975;SKFXRNZWHA;ORGEOUGPSF;
12554541069;BPWPNKHSSI;GNDDBRGWBD;
46735507436;TUGZUBHHPC;BJHTKFKKCH;
62247865871;PODGWJAIWG;TGDRLMXCTO;
93525540568;YTXWAZEYLU;XSDWGMSUII;
80982695078;FSDKZXILKW;YYRNCRJBSE;
72992658662;EDICFMIMLZ;PZNOMEONDC;
82510898256;TLEBDTZSKE;PZSDHUOSHJ;
79078586154;CTBZWAEHLH;NKOAKCJDML;
79338405041;UWNYCIYYNR;ZLKSJAFKIR;
47317690397;ROOLFUZAGJ;TUBGMECFFN;
69004835676;BKOZXFGATF;JDXUDTFGWB;
23893127283;ZRICOPKXGD;RYMHHINFPP;
98244925342;SHPBRMMFWH;LJJNOBMGNY;
3916286779;BSWLEWNITC;NHLXJRYUKO;
1891867284;JJAEAZTYKP;FWYKEBCBNY;
65131476603;RDZSIDAOXA;TUXYPFRNWD;
74982082314;LROOWWJTXI;RDKLMWJBCN;
90390206436;XFHRGCBHUN;XBOBBWASFR;
73573116221;UNCPHZUPLU;EJHKMKNUTD;
65959728623;IMKCBWESCR;STEFNDEYDM;
84678817584;CILRCPRXII;COTXWEFANM;
27477544352;OJLFKWSMSS;CBMTUKKWNC;
25322013497;GRJDZFHJCC;CJOGSWYAGO;
96503578221;XBJWUYGIJK;KIWZGZZRPF;
40473713175;NGJRBDBJDJ;JKJCHBEXPZ;
79820964823;BTSTNKZMTL;CZSZJTYKJS;
42670585122;ZGBCOKFSMU;XPHPCENOBT;
75062143073;LCAURZZDFD;SPZCCXSASK;
66537168796;JDWEELZMKL;TJPTAHLCMT;
14147526974;IMDFOTIXWC;CXGJWBXGEX;
8009041888;FZKKZTKGNS;GWYHCFFJCE;
6798181815;HKDPGTIFNA;EDBUTKJDKD;
33312291602;PYSWCXZLGJ;AAELBNBZEN;
55281336207;EITJIIEHSB;ALICOESGBA;
43622966958;XOCXRRNNBF;GPPKPZPIUJ;
85370652927;NAWIWUIISI;MCJIFKFLXY;
45176867;BLYXGRMBTX;GSTYOEKSAA;
34537032717;FOJPLCKCTH;ABONORTWHP;
17010201974;BSBHDGBDIP;GCZTNGKPKF;
81048722026;FRSEXYAYAA;ZKUOXSYWKU;
94773720696;TTLRPPNFGP;DLIRHJWTMC;
27976755479;JHFKZSNHZA;OTMIMJRWLW;
81424622528;ILLSLYIBMO;PZBZTXBEBW;
50050962386;CTXIUHHDRX;WPRMZRDDRB;
56808580767;CHCRRASNWI;ITYBOKZPJO;
57559951943;GCXEBMCYGD;HJWAGTNLYE;
47325983308;SIYPUKXDRX;MTUPXZGJMC;
3663511292;KREWSPFCAY;SXBFGRDCDF;
1886032585;OSWNAWLASU;WZDUPUWYOC;
46454364233;IZZIAGLXWC;XZNFBKGRXN;
89904003087;NNEAFENAYI;WNMEDURIKG;
97665762794;UNZRPKPEWZ;ONKCDUDNAF;
24349961712;LBNBKGUIAG;XMGMOEYCEO;
27835005875;MNNATSPKSZ;LMOTWJLJFE;
30807148681;WLXWRRFMGJ;ELLXHHFOXG;
47579590468;OIZNHSDWMX;BLJRXDLZHK;
82055235189;MMPDBCLRWS;ADPKCIHLGH;
3728434816;PPHKKLMLMP;GJRTAGAABI;
12233925515;KTOJXCIKSY;XAYXYLKRNN;
4736756372;FRTRXSCOOR;FWZPDUUTHY;
25642165409;EDOFSXDGDX;DXEZDOBXHY;
34280227716;BTUEPPDPTY;ZFRNGCEUOJ;
471213268;ZACYKHHFOD;YRYPIEEBXW;
93812266355;CKBCNNJKNA;MRPAGHEWDF;
26187341862;MPEYMNDMHU;JZLOEOZKCB;
36615044771;GGWHGSSNFN;SGFFZUINNY;
65778596977;FZHNEYIBPO;IUCATCUPEJ;
22541280602;MNKYMRIGAT;IKOZBTRZSB;
34057958603;EONJIUEGPG;ARRBYFSNCI;
58143135556;IDAGAOFMWM;FSYDYUAARS;
43401705514;IFZBOMAWFL;XCZPHLTOZS;
5757846497;UOKLRKSJBX;EYLSRDLDGJ;
38534866434;NUKZSLPINZ;IASHLJTFEI;
42864503356;AEGRTXESHL;AFKSOBZJST;
31204309815;INISIUCYES;TSJCLAZWBG;
68609027002;CDSDCPEXFJ;TCGJEPJGSZ;
59978242071;BIHCUAMXRJ;CPARIUPKHN;
34301337185;RTAOJDBDEP;KJXDIAGERK;
17174768467;FBGXPDFBTB;FKYFUTJWFN;
61686825534;SGLPEKCGDS;AIEZWYWNYH;
59099853385;NDZXCIREHH;DDPAGJZPXR;
67066742679;WGTFRLBGHK;LFSSFTDUGO;
22531679261;MOMBGKFLFF;KLIPSTWSZF;
73459973238;DRUZGCKCXX;CFFXWKZDLS;
33430506608;MJLEFWZSWS;AZZEMAYYXZ;
57231990699;EYOLCMEMBS;CIWFHIKONE;
80706070152;RPYPCCIGSP;ZLOIOHYAEL;
7013647077;OCBNSXLUND;DJSOIPSFIP;
1143409879;TFHDWOECFR;AHFYRDSYHS;
56380738161;TLTORGPCRP;ZRGDLHGCJH;
38291596449;EZIOCUMUUT;HCHEHNLHMG;
15644157568;YAFYZFFHCT;KPLIPJKHED;
3950661516;MMDEBMCTHA;JFFODRJLXD;
53672504794;GBPCZOYWPX;BDPOUYRABG;
86469625617;KPLRLYEPFS;NPFZJTTWNP;
55305254021;EZZYZEAIWO;YSZUCLTHOP;
43672975894;GBHHNXIJFP;CIHOODSFDJ;
4453801078;IABLXJAIRI;EYHBUXSZJP;
8624864017;KGLNKKWHAH;WDZUXAZZXT;
75582073362;ATFTFPPYUN;UOLRNINRPM;
38132093915;FOLZAEOYJK;RLKIRANWNX;
1455079863;SINOKXJBYZ;IUIDJXCSXD;
56614644093;DIXJKACSJA;MPUFGRCDWC;
36102003935;BKYXUUIBDM;JTGBMFYPBT;
63439161946;NMAIBGTZHG;GPOLPTIPXP;
32555285351;ZFSAKLTFBF;WJCENSOLSD;
73313083077;IRMAOORJOM;DKXZTYBIUU;
39270483879;DUJBSIWHPD;UIYGDBPZIM;
71128346778;AINTNHDFMK;SJUZYHMEPD;
22221196634;MKKFFBKBZA;WUNKEXOUWR;
53380430482;XDWRMZIXPN;EZJFWDUMDI;
30465761992;YNOXAHTFTR;BZFOISSNFY;
9368826695;CZNGCRHLDE;LKUASDDUNZ;
49906931607;MJZDFYJWRG;ZKATEWORBU;
17842956466;LAKFDEXTGA;PREFSICKFH;
70695492323;FZSUAPPULM;MTCCJBYFTP;
49205657042;IBOWOBSHWZ;ISFCACIBIG;
88788855661;PADMBHTYFH;LTWAEMUUJZ;
16265187389;YJWLHWHWKO;NFCDHDCEKS;
87326535746;UWFIWYXUFK;DLZUFSNUUU;
37831810483;RPHDCEXPRT;KIACOPTUGX;
69535790587;HUBUFPCZZM;YPDXCRLPGT;
11304425093;IERCIYBZFT;XXSOXCBRXE;
76545266472;JYATOOSYXG;KXEBOIGPMI;
4153633502;SWELODGLDI;WETXXAUUHU;
13739097016;CPJSEHOMCU;NHXFHNZAUP;
81965603521;NHUDIUSPXS;YACGDZEHFT;
76482807792;EYFMTXYTYI;AHRZGSGWHM;
89847524896;KHHFZOTCNC;DSGEGYEJNA;
39707911087;WNRNGXAXHY;MOSHFIRJKN;
61868636352;OOPAPFXTII;ORCWHCYGPM;
53734314929;WYUZUDJKIZ;ZCWGHGAPIY;
5802624177;HOJZNNEBAJ;JGNTNFWACL;
52024868238;CAYULWSWUZ;RKLJABYGZE;
93267421774;KIPHNBCBZC;MFWSWFUEJS;
29835046704;HZTHOLOBKU;EAORSJCYMU;
88405910025;FNIYAYESWE;ZDUEEYWHGR;
73682755137;IEMOBBAEKI;LUXCAGSMOI;
69062553578;WZHYNFKFWI;MPCKKILKNW;
17145533564;JGDEHWZWST;NKYACUMJXI;
94333755168;JNBBFUHIYF;ADXFJZMJAI;
80587382524;STZNGAWFBN;AETKNFYFZC;
80654935787;ZIIDUYYPML;PNAEJGWUDW;
99445301984;JFYJWDTFCF;ZTWXLPBNMU;
17548445288;MJWPYBIRAR;ACDNKURLXM;
3340850357;SNDNIMKZUZ;NXYWGRXWWW;
19385734891;EBTTADFUID;NDRXJIDEXA;
46458530995;KXKANRHGDK;SGSTGNUWRM;
63073996333;WFKYCYYMPI;ULRDKLMWTW;
47663738194;RJDNHXZMAR;KHTRCPAEZS;
15286984843;MCFOSWCCOL;UXSLEBHYRZ;
95495855169;CFFXDHEFKW;KCIPUDOSIP;
18924755375;WXSXFKKCAT;XFOEMZLZPG;
41576462724;KAULDDRYYX;SUIHXNBXFC;
84417611798;NUDNODOARH;UEDCHJFXTC;
86356210818;PZRZUYNWPU;NCJXPHPIEN;
96534489183;LAPTXHYXGM;CSTRJELUXE;
18022028184;WSRNJACNZX;LRJIXLTPDJ;
48013913726;BDXWASNIXP;DDYIPJPAZE;
59370058502;HCTZWPREEJ;FKNKFMJEKL;
92435726396;EJBAMTETTA;BJYAKBRUAT;
13010147014;BAHMUIDPFT;XPMYOPCHOR;
46149513472;FEZAPZZHYN;PJPWJTDAUM;
51039941514;JDYUBYGADD;LFPWOOIGSF;
96283814236;MWGNIAHMIZ;TFGENDELZY;
33623290785;LSJZWKRSFY;WWETXERDLT;
75296197039;HCXBNUNBNH;EXGJBMLLUF;
62687651784;TNGFGAUARX;EEHMRYTMJI;
30351710941;UDOHNCJGIW;XXIJRAMPPD;
83632134927;HERIWRAUHJ;HCILXJTIBS;
81166192688;ATTODMTGPB;BANRLAMAWU;
50881819394;MRRHMJPZOF;UOAOZOLMHP;
87483248569;MNXAZFLYYC;ZLJIWWZDCA;
73632443662;UHSJANITGP;AUOXCOJUKR;
87457754405;JIGNRSSXYX;TMCASHLAYW;
19779882287;NEUDNUTDHY;KJGNBRUIAM;
52338626175;XZZWLUNAUF;KZILUJMMKO;
46273448389;AAHPLRMSZP;GEXDOFOFSY;
91066190392;JZLMJDKBOP;HKLRNYZOAL;
88892354986;JKTPGSZZMD;WKOZTJRHLP;
87832151238;IBZSUJXPEB;RUSPFEXCKZ;
91567512613;KSZYGRLSUE;MMHAXNRWPR;
36743105003;HINRZYTPMN;MJFAPFEZNC;
62359472394;HCBJYHDLRD;KBLJHJUOXF;
68723373531;IWMZIGMJWK;RRRDUNCRBI;
62902842546;THCGJIKNOF;WXLEKLEKBL;
90277578001;LMPSABIPZL;CIYYXPUNJW;
60446333212;ZZTYYSDWMO;DIRFZOZIUY;
51814251942;GIGGLULEYX;RJOHSDBZXE;
18327245727;EJHUITPKRK;DFTUCKCJFB;
54511398097;RSOSOGKIXG;OWJTFWBHBT;
2754414032;RYREUGAFCR;LHZTLKSAXA;
95921178802;COSEOFIIJS;NDXCEYMPET;
50391894627;KNLKIWHATJ;RMGEPLDREK;
